,Datetime,Text
0,2020-07-28 18:50:29+00:00,To assume the protests got him arrested would be far fetched. Every media outlet including conservative ones agreed he belonged in jail. Matter of time
1,2020-07-28 18:37:46+00:00,To say you’re rioting for justice for all seems redundant. This isn’t a country where you throw people in jail because they’re trending on twitter
2,2020-07-28 17:52:13+00:00,His killer is in jail what the fuck is she screaming about ?
3,2020-07-28 16:19:25+00:00,#TrumpGlobalCrimeFamily boss has to steal the election or go straight to jail. This ain't Monopoly.
4,2020-07-28 04:54:35+00:00,You gonna go to jail in January.
5,2020-07-27 23:06:11+00:00,I’m in FaceBook jail for the following post... 
6,2020-07-27 18:26:19+00:00,"@me next time??? Shane met my dad before he met me me cause dad works at the jail he was at ahh, small world. "
7,2020-07-27 16:11:27+00:00,Sounds like the few nights I've spent in the Spokane jail.
8,2020-07-27 04:06:49+00:00,"It's not ok to shoot teargas,rubber bullets& beat unarmed protesters,nor to handcuff,&jail them,w/out being mirandized,&amp;told why being arrested.People sat in jail for days,never charged,then released.If someones commits crimes,should be arrested.Protesting is legal.Assault is not"
9,2020-07-26 22:57:23+00:00,"Idaho's the right to jail state, come on vacation leave on probation, state motto. So Washington must be the prison State, governor Jay Ensley has taken away the people's rights and keeps pushing to remove more of the people's freedom. BACKGROUND CHECKS TO PURCHASE AMMO WTF Jay. "
10,2020-07-26 22:50:04+00:00,I'll fill out the census when Trump is in jail
11,2020-07-26 21:55:11+00:00,Sen. Graham: 'Somebody needs to go to jail' after FBI lied about Steele ... https://youtu.be/_gwW2g08Upc via @YouTube
12,2020-07-26 21:50:33+00:00,Sen. Graham: 'Somebody needs to go to jail' after FBI lied about Steele ... https://youtu.be/_gwW2g08Upc via @YouTube @CNN @MSNBC @maddow
13,2020-07-26 04:19:44+00:00,"Seriously though, I'm sure he'll be in director jail for the rest of his life but Tom Hooper's use of on set singing should absolutely become standard for musicals. Even amongst all the nonsense, Memory is a genuinely emotional performance."
14,2020-07-26 04:19:33+00:00,"@Jon_wayne88, where ya at, man? I make a Vegeta joke and not even a 'lol'? You in twitter jail?"
15,2020-07-26 03:27:03+00:00,Lynching threat and racist rant at black employee lands Oklahoma man in jail https://www.rawstory.com/2020/07/oklahoma-man-arrested-for-lynching-threat-and-racist-rant-aimed/ #SmartNews
16,2020-07-26 01:46:25+00:00,Or someone might make sure he hangs himself in jail.
17,2020-07-25 14:43:22+00:00,Jail for u
18,2020-07-25 00:30:29+00:00,"They’re protecting federal property. That’s their job. They protect dams & nuclear sites & 9,000 other federal facilities nationwide. Telling ppl to intentionally hurt them is telling ppl you want them to go to jail for a long time. Why do that?"
19,2020-07-24 21:19:53+00:00,"I like the fact that they are basically ""Efff Everybody who isn't us."" @tedwheeler don't worry, even though they hate you, they'll still vote for you. Anyway somebody call CPS as this isn't just bad parenting, it's child exploitation. These moms should be back in jail. #MAGA2020"
20,2020-07-24 21:01:46+00:00,Send him to jail!
21,2020-07-24 17:38:03+00:00,"Wolfinger said KCSO will take a measured response to enforcement, with a strong focus on warnings. Those found out of compliance can, under Idaho code, be charged with a misdemeanor, with the possibility of a $1000 fine and/or up to 6 months in jail. "
22,2020-07-24 15:12:42+00:00,"Ya, it didnt help that some of those "" electorial"" voters for the states they represented didn't vote in line with the people of their state. Always makes me think they were bribed."
23,2020-07-24 13:39:01+00:00,@GovInslee @JayInslee @MayorJenny Together you incompetent leaders need to condemn this police force with Jail time and extremely hard stick like Philadelphias leadership did. Do the right thing make an announcement. Btw the president and vp are lying... 
24,2020-07-24 06:49:06+00:00,"People didn’t just voluntarily become better drivers or follow driving guidelines. People had a financial incentive to become better drivers (fewer traffic tickets, afraid of jail time, lower insurance premiums, required drivers ed). 12/"
25,2020-07-24 00:45:00+00:00,"A Spokane Valley business that focuses on repairing sewing machines for a generally older clientele is refusing to follow Gov. Jay Inslee’s mask mandate, and the owner said he’s ready to go to jail in the name of freedom. "
26,2020-07-24 00:41:17+00:00,Kids are so soft these days that they would consider old school playgrounds jail yards
27,2020-07-23 23:25:56+00:00,Same here. I did a year in jail in my 20s. Woke my ass up toot-sweet. Everyone needs a galvanizing moment like that to shock them into the real world. Maybe not a whole damn year but some kick in the ass. I have no doubt you got one at some point. We always know our own.
28,2020-07-23 21:29:55+00:00,"He was ""Mr. Big Balls,"" Trump's personal lawyer. I'll bet that was worth some pussy. I'm sorry, but I believe what my Dad told me. ""People are not worth the powder it takes to blow them to Hell."" Shameless opportunists. Until they're facing jail. Then they sing like canaries."
29,2020-07-23 21:01:17+00:00,"Can you believe that bastard Trump would have unidentified (of course) federal officers shoot rubber bullets, tear-gas and pepper spray moms? That piece of defended his “Thugs” for arresting peaceful protesters and putting them in jail! Trump doesn’t respect women or moms! "
30,2020-07-23 17:06:58+00:00,Good! Put her ass in jail and kick her ass out of the Navy! 
31,2020-07-23 16:56:05+00:00,"Let's just call them anti-democracy. They've been exposed, they're just another bunch of DemLeftLibTardSheeple that fell for the Left lead TDS, anti-American virus known only for, put the plug back in the swamp. The list of swamp rats heading to jail is growing larger every day. "
32,2020-07-23 16:39:45+00:00,"Not more of the same, by any stretch, and treatment is a part of it. But not jail-or-treatment ultimatums. If you liked her campaign talk, you might not like her plan. If you loathed her campaign talk, as i did, then this is a pleasant turn toward the smarter and more humane."
33,2020-07-23 16:16:08+00:00,"This Atifa, Commie, Anti-American mayor needs to be in jail. What a disgrace to local government. This sort of behavior invites intervention, he won't make Trump look bad by what he's doing; he's bringing bad on himself. "
34,2020-07-23 15:08:40+00:00,This rift in time started when Bobby went to jail..everything will be back to normal following his release
35,2020-07-23 14:46:00+00:00,OVERSIGHT MUST HAPPEN not like last time put jail penalties in the bill for Mnuchin for delays or non compliance
36,2020-07-23 05:00:35+00:00,anyone else remember when her plans were to build a new jail and have cops patrolling the street and this article says she hasn’t “strayed from her original principles” anyway 
37,2020-07-23 00:09:57+00:00,And where do these vigilantes dressed as police officers take the kidnapped rioters? To vigilante jail?
38,2020-07-22 22:29:02+00:00,"This hasn't been a ""free"" country for quite a spell. There's still folks in jail for smoking pot."
39,2020-07-22 15:34:34+00:00,there is a very serious problem in Portland though. And it won't end until/unless ppl start going to jail. the hooligans have zero fear of consequences.
40,2020-07-22 14:15:49+00:00,"They really shouldn’t. They should be on playgrounds or letting their mind expand on some knowledge. Not being groomed to be someone’s toy and definitely not sitting in jail, turning into another statistic."
41,2020-07-22 13:22:32+00:00,He can’t call her in jail so he’s trying to suck up to her in any way she can get the message 
42,2020-07-22 13:17:51+00:00,You ain’t gotta be in jail to be doing time..
43,2020-07-22 04:44:15+00:00,She does not belong in jail. She needs safe intervention and help in a compassionate setting.
44,2020-07-22 03:40:19+00:00,They all need to be in jail!
45,2020-07-22 00:43:32+00:00,"Trump says 'a lot of people in jail' after Portland protests, but few were charged "
46,2020-07-21 23:32:57+00:00,"If they did, they'd definitely be cutting my head off, because I ""use."" No apologies. Most evil is done by those trying to ""clean things up."" Do-gooders. They'll burn you at the stake. There's still people sitting in jail for smoking pot because of religious fears of intoxicants."
47,2020-07-21 23:13:38+00:00,“I can’t call you in jail but I just wanted to tweet and publicly beg you not to reveal my name”
48,2020-07-21 22:48:58+00:00,Confirmed by @BrandiKruse that this leaked email is in fact authentic. That would leave Seattle without a downtown county jail. 
49,2020-07-21 22:02:51+00:00,Put them in jail till their court date!
50,2020-07-21 21:01:03+00:00,thank goodness we made room in jail for all these traitors #covid19
51,2020-07-21 20:24:06+00:00,"I see white boys/girls in the ER weekly physically abusing/threatening to kill their parents. They never go to jail. So yes if you look at the statistic, race probably play a part in this decision."
52,2020-07-21 16:42:56+00:00,"Matt, it’s all about trying to stay out of jail for you, now, isn’t it? Too late."
53,2020-07-21 15:59:16+00:00,"I think it’s bullshit. Anyone who is still in jail for a weed charge, needs to be released and given back their life. I know the amount of time can never be replaced but they should be set free."
54,2020-07-21 15:31:05+00:00,Jail lolololo
55,2020-07-21 14:48:30+00:00,Who cares whether you watch or not. We still have a Constitution and unlike you patriots who kneel during the anthem still believe in it. You and your gestapo agents are headed out of here. We will restore this country and make her respected again when you're in jail.
56,2020-07-21 04:58:51+00:00,Get these rioters off the streets! If they cannot be peaceful protesters then they belong in jail.
57,2020-07-21 02:41:25+00:00,Please help put these domestic terrorist anarchist in jail. 
58,2020-07-21 02:22:27+00:00,rosarito til this day worse jail i was ever locked up in judge is just some dude in the back of a concrete building decides your fate right there in like 12 hrs
59,2020-07-21 00:18:54+00:00,"So Liar Schiff still wants to blame it on the Russians? Why isn't he in jail yet? WTF is keeping him and the other treasonous, failed coup group in jail. Anything to distract from reality. Please Mr Barr lock these guys up. "
60,2020-07-20 23:38:04+00:00,The DemLeftLibs have only a longtime name to run for POTUS. How sad that they can't admit they just don't have anyone. But the LeftLibLiars will never admit fault. Even when several will/better end up in jail. 
61,2020-07-20 20:27:13+00:00,It’s why she’s in jail
62,2020-07-20 19:05:02+00:00,people reallllllllllly been testing me lately & they have no idea that I will gladly go spend a couple nights in Spokane jail for punching a bitch straight in the face
63,2020-07-20 17:05:04+00:00,I hope I don’t get put in jail for this 
64,2020-07-20 15:23:09+00:00,KEEP CLEARING THE STREETS!!! SCREW PORTLAND MAYOR B.S.!!!!! (THESE ARE MOSTLY ALL KIDS) MIXED IN W ANTIFA &amp; BLM THUGS. (JR HIGH/HIGH SCHOOL COLLEGE) NO PARENT SUPERVISION/NONE!!! (ARREST FEDERALY &amp; 0 O.R./JAIL?? THESE PEOPLE CHARGED FEDRLY!! (FEDERAL CHARGES EVERYBODY)
65,2020-07-20 13:56:10+00:00,Lmao one of my friends put me in horny jail just for looking at some pics a friend sent to a group chat
66,2020-07-20 04:42:08+00:00,Hope they all go to jail! 
67,2020-07-20 01:07:15+00:00,"If we had Law and Order, you would be in jail. You child molester."
68,2020-07-17 23:26:20+00:00,"This man needs a thorough a** kicking! My daughter is half-Asian. If he said this to her, I’d end up in jail! #RacistAttacks"
69,2020-07-16 00:34:09+00:00,"He is pretty far right. He calls everything that is left of him fake news, he said FOX was not right wing enough, and he wants to jail people for exercising 1A through buring the flag."
70,2020-07-16 00:32:50+00:00,He is pretty darn close. he wants to jail people for exercising 1A. that’s authoritarianism
71,2020-07-15 18:16:51+00:00,Isabella Bay 2022 handing out get out of jail free cards to her teammates 
72,2020-07-08 13:45:32+00:00,Just had to do this here to homeless guy who refused to be hospitalized...no other choice but jail
73,2020-06-25 01:12:16+00:00,"People of color exempt from Oregon county's mask order https://www.cbsnews.com/news/lincoln-county-oregon-exempts-people-of-color-mandatory-coronavirus-mask-policy/ it's Trump's stooge supporters that are violating the mask order they should be arrested and thrown in jail and fined $1,000.00 especially in state of Washington"
74,2020-06-20 18:42:37+00:00,And you thug trump are breaking laws every second in the Whitehouse and against the American decent people and the constitution you should be physically removed from the Whitehouse arrested put in jail for the crimes you commit against your own people
75,2020-06-18 20:17:49+00:00,Facebook jail is the only jail that makes you more free
76,2020-06-15 13:26:22+00:00,Spokane Police racism by the numbers: Chances of getting arrested: Black: 5x more than whites Native: 4x more than whites Spokane PD against arrested Black people: 2x use of force 6x more likely to go to jail 2x length of jail stay https://www.spokesman.com/stories/2020/jun/14/black-spokane-residents-are-5-times-more-likely-to/ #DefundThePolice
77,2020-06-14 22:34:36+00:00,No new jail in Spokane! Empty the one we have now - put them back with their families and communities! #BlackLivesMatter #DefundThePolice #NoNewJail
78,2020-06-14 05:43:57+00:00,Do not back down till they are in jail. 
79,2020-06-13 11:45:26+00:00,Jesus christ. Put them in jail 
80,2020-06-11 18:32:52+00:00,Trump is already setting the stage to challenge the election results in order for the #TrumpGlobalCrimeFamily to stay out of jail. 
81,2020-06-11 13:22:40+00:00,Miller should be arrested and thrown in jail bad karma and illness bestow P.O.S MILLER AND ROT IN HELL MILLER
82,2020-06-11 00:56:19+00:00,....kind of monster no bail throw him in jail and give him the death sentence kill him a s.a p with the most painful form of our death penalty do it quick I CANNOT BELEIVE HOW CRUEL COLD AND DISTURBED THIS TRASH IS AND HOW DISTURBING AND WRONG MESSED UP TO US DECENT NORMAL...... 
83,2020-06-07 19:02:47+00:00,My birthday wish for years to come is that the tides of time change soon and the decent folks of my and this U.S.OF.A TURN AGAINST THUG TRUMP THUG WHITEHOUSE RUN THE GROUNDS OF THE WHITEHOUSE AND LITERALLY TAKE CONTROL OF THE WHITEHOUSE AND ARRESTING AND PUTTING IN JAIL ALL.....
84,2020-06-06 18:47:42+00:00,My understanding is the union pressured them all into resigning. I haven't chased that part down though.
85,2020-06-05 00:35:30+00:00,"“It’s a crisis within a crisis,” in which one of those crises is a pandemic, so let’s keep people in jail for longer without cause..? Exacerbating one of those crises? "
86,2020-06-02 21:42:38+00:00,Trucker who drove toward crowd of protesters to be released https://www.cbsnews.com/news/truck-driver-minneapolis-protesters-interstate-35w-bogdan-vechirko-released-from-jail/ ...why would you release this pig from jail what was his intentions is it obvious dumbass police dept.
87,2020-05-31 19:52:23+00:00,IF YOU ARE PRESS YOU WILL GO TO JAIL OR BE ATTACKED. I REPEAT. IF YOU ARE PRESS YOU WILL GO TO JAIL OR BE ATTACKED. THERE IS NO FREE SPEECH. SOMEONE FUCKING DENOUCE THIS! 
88,2020-05-30 03:10:56+00:00,"If I saw the guy from reading rainbow at a bar and someone was messing with him, I’d risk everything. I’d go to jail in the name of education"
89,2020-05-29 04:50:11+00:00,The country is falling apart due to the governmental failures. Will the cop go to jail? Will thousands die there from infection? How bad Will the economy crash? Collapse seems certain. 
90,2020-05-28 16:18:51+00:00,"Then why did you start justifying? Also imagine the world where both are just as effective. I'm not saying I'm gonna just go out and burning cars. I would be put in industrial jail complex so fast I would forget I was once free. ""The Riots"" are the people speaking, and they are.."
91,2020-05-27 21:36:37+00:00,"And I, as a lawyer, would tell that asshole see you in jail. Unreal."
92,2020-05-27 03:09:05+00:00,Start prosecuting tbe media throw there ass in jail 
93,2020-05-22 14:21:28+00:00,"NEEDS TO BE LIFE IN JAIL FOR ANY PROFFESORS!!!!! COMMITING ESPIONAGE!! &amp; (NO PLEA BARGAINING) THESE BRAINWASHERS?? ALREADY INDOCTRINATE? ALL OF THE KIDS TO HATE THEN THE HATING SCUM? PROFFESORS STEAL OUR SECRETS &amp; SNEEK OUT TO (CHINA FOR MILLIONS???) """"THEY USE TO HANG'EM"""""
94,2020-05-20 22:29:44+00:00,"In a span of two days, Iron Horse bar went from “Taking Back R Freedom” to “Send R Mail 2 The Tijuana Jail”. "
95,2020-05-19 14:42:31+00:00,"Ill go to jail with you, to keep you safe from vectors."
96,2020-05-08 14:30:23+00:00,This administration is so corrupt they should all be in jail 
97,2020-05-07 18:40:21+00:00,Wealthy white woman? That's why she went to jail for trying to feed her children. Nut Job.
98,2020-05-07 04:28:49+00:00,"They did. I went to jail. And I proved my innocense in a court of law. I'm frustrated with the person that lied about me, but I fully support the police department and legal system taking it seriously and believing her. I would not have supported anyone trying to smear her online"
99,2020-05-03 01:16:18+00:00,Should be in jail but by the grace of God go I.
100,2020-04-25 18:52:51+00:00,"Are you in jail or something, Twitter jail, cause you shows zero followers and zero following"
101,2020-04-21 19:46:07+00:00,"The dept. said it released inmates with “non-violent” crimes & those who are near the end of their jail terms. I talked to domestic violence advocates who are concerned about the releases. The crime listed is the offenders “most serious crime,” but not all of their crimes. "
102,2020-04-20 13:39:28+00:00,"She deserves to go to jail, what s horrible dog mom"
103,2020-04-19 19:23:25+00:00,Send. Him. To. Jail. 
104,2020-04-19 12:07:50+00:00,It feels good to be out of Twitter Jail after serving my 3 day sentence. #Thankful
105,2020-04-15 03:34:40+00:00,"REPLY YOUR BETS. IM BETTING THROW YOUR PARENTS IN JAIL, KAMALA HARRIS."
106,2020-04-14 02:03:11+00:00,"I’ve been playing BitLife on my phone and one dude, I swear, roundhouse kicked THREE people TO DEATH and never went to jail."
107,2020-04-08 23:06:38+00:00,That’s what it sounds like. Insider trading jail time would be more appropriate.
108,2020-04-08 19:31:22+00:00,Lock them up! If the average person did this they would be in jail.
109,2020-04-05 05:58:28+00:00,I thought Kodak was in jail he speaking from the bars 
110,2020-04-05 00:51:01+00:00,Jail. Jail. Jail.
111,2020-04-04 16:14:32+00:00,Ingram if one person listens to you and dies because of your recklessness you should be held accountable. Tried for reckless endangerment and put. In jail
112,2020-04-03 19:25:16+00:00,Subpoena of a little twerp and if he doesn't show up put it in jail. He needs to testify under oath @NewYorkStateAG. Needs to open criminal investigations into the manipulations of the supplies by Jared
113,2020-04-03 17:48:02+00:00,"Jared and co. Should be put in jail for conflict of http://interest.Voting machines from China,Caskets from China,Testing kits from his brother ?No conflict there ?"
114,2020-04-03 11:47:41+00:00,Subpoena them and if they refuse arrest them. Anyone profiteering off the medical supplies and feeding this ever escalating costs should be put into jail and their companies disbanded. Wonder how many of Jared friends have their fingers in the pot? @RepAdamSchiff @RepJerryNadler
115,2020-04-02 12:24:22+00:00,Time for a nice Farm in the country with fruit trees a nice place to raise chickens. All those people in New York stacked on top of one another in multimillion-dollar jail cells without anywhere to go or to provide for themselves. I'll stick with the small place in the country 
116,2020-03-31 22:26:38+00:00,Reckless endangerment jail time for Falwell.
117,2020-03-31 18:54:45+00:00,High turnover in the Spokane County Jail is one of many reasons why local correctional officers are seriously concerned about a potential COVID-19 outbreak: https://www.inlander.com/spokane/in-the-already-overcrowded-spokane-county-jail-correctional-officers-are-bracing-for-covid-19-to-strike/Content?oid=19347964
118,2020-03-31 17:17:35+00:00,He deserves to be in jail for reckless endangerment.And if this person dies for manslaughter .
119,2020-03-30 12:19:40+00:00,This is just the beginning and I cannot imagine someone being confined in a jail or prison right now for low-level crimes. Many will have a death sentence 4 Petty crimes in America's for-profit prison system @StephMillerShow @rudepundit @RadioGuyChris @TheRealTBone @CoryBooker
120,2020-03-28 06:20:16+00:00,"Also hazard pay??? What is she???? It’s fine going to work everyday w risk of exposure (the crisis team goes to jail, hospital and community) but fuck us right?"
121,2020-03-27 02:14:53+00:00,You Trump should be in jail for murder
122,2020-03-26 17:38:56+00:00,Glad to see your approval rating in your state hasn’t changed from 18% for a year .Good bye Moscow Mitch hope to see you in jail one day!
123,2020-03-24 23:37:51+00:00,Practicing medicine without a license is illegal. Throw his ass in jail he killed one person and another is fighting for their life .
124,2020-03-23 23:12:55+00:00,Jail.
125,2020-03-23 17:38:52+00:00,Why isn't he in jail? 
126,2020-03-20 14:32:37+00:00,There’s a special place in hell for public officials/politicians who use their office to personally enrich themselves during a pandemic. Toss every last one of them in jail and throw away the key
127,2020-03-17 16:35:43+00:00,They should quarantine the asshole in the jail cell
128,2020-03-16 04:08:56+00:00,And I thought going back to jail would make me lose everything. Turns out staying out of jail is doing the same thing
129,2020-03-08 20:37:30+00:00,What an about face turn. I wouldn’t want her endorsement since she like to jail parents for truant kids 
130,2020-03-03 01:16:50+00:00,I loved the iraq war. I hate healthcare. I like a guy who put millions im jail with a crime bill. I love a guy that copied speeches from uk politicains in the 1980s and i love watching a guy slowly lose his mind. #GoJoeGo
131,2020-02-27 16:31:37+00:00,"SOMEBODY ABSOLUTELY """"HAS 2 GO TO JAIL NOW"""" (WE MUST CUFF??) They Say Over &amp; OverOver? """"The Shoe Fits? Wear It?"""" We Cant Keep Letting Them (Laugh &amp; Chuckle) At Us??? ""Thier Spitting in Our Faces"" &amp; (Laughing At America?) ? MUST BE ACCOUNTABILITY?? "
132,2020-02-21 03:39:44+00:00,This is how I get PUT IN JAIL AT 19:27 @Safeway https://www.instagram.com/p/B80F8BxFWdQ/?igshid=12tstrakk7e0k
133,2020-02-20 17:47:57+00:00,Maxine and her husband should be in jail...she shouldn't be in charge of the financial committee that's for sure! 
134,2020-02-20 01:34:10+00:00,"Correction: I misread the inmate roster. Ronnie Lacy (DV suspect) is still in jail. His brother, Lonnie Lacy, was released.... "
135,2020-02-16 03:01:27+00:00,All your needs will be met in jail
136,2020-02-16 02:03:36+00:00,Tell it to your celly when you go to jail
137,2020-02-12 21:05:31+00:00,"Police were able to grab those guns from his sister’s place. Today in court, the city asked that he be booked into jail because he was not in compliance. The presiding judge went against it, because Smith no longer had any firearms in his possession. #4NewsNow"
138,2020-02-12 00:10:12+00:00,he's not in jail. there's the payoff
139,2020-02-07 20:59:01+00:00,JAIL.. 
140,2020-01-28 04:53:51+00:00,If there was any TRUTH he would be gone with that mob family in jail 
141,2020-01-27 05:12:23+00:00,She should be in jail
142,2020-01-24 03:50:30+00:00,They are the worst ! They have taken our country down! That flint water. They should all be in JAIL. They put all those people' health in jeopardy. Their family's should be drinking the water cause it's still coming out of the taps. It has not been resolved 
143,2020-01-23 14:43:03+00:00,"Soulless humanoid runs free. Michelle Carter, convicted in texting suicide case, released from jail https://www.nbcnews.com/news/us-news/michelle-carter-convicted-texting-suicide-case-released-jail-n1120411 via @nbcnews"
144,2020-01-16 16:34:41+00:00,Jail awaits AG. Lock him up 
145,2020-01-11 03:14:05+00:00,Funny. You’ll see these names when we bail you out of jail.
146,2020-01-10 04:39:35+00:00,@Twitter you are a joke. Every single day the dip shit in the WH incites violence &amp; hatred &amp; you try to put me in Twitter jail for hoping he chokes on a chicken wing back in October?!? #puhlease #lame #DumpTrump
147,2020-01-08 00:11:44+00:00,Thank you for your endless efforts. Hope some day soon it will catch up to them and they go to jail 
148,2020-01-07 18:19:22+00:00," Michael Flynn should get up to 6 months in jail for lying to FBI, prosecutors say "
149,2020-01-07 14:53:48+00:00,Dirty b@$t@rd! Rot in jail.
150,2020-01-06 07:07:25+00:00,"Nothing is getting accomplished. No one held accountable , going to jail no one "
151,2020-01-02 18:49:55+00:00,The audacity of criminals like Trump and Netanyahu to demand acquittal or immunity for crimes they obviously committed.Because they KNOW they're guilty but don't want to go to jail.Hope Israel stands strong and drags him kicking and screaming to jail.Maybe share cell with Trump! 
152,2019-12-28 15:43:05+00:00,"OMG. Just saw Hillary's mug on TV again. Between destroying evidence and lying to Congress 6 times, why is that woman not in jail, or at least under indictment? Equal justice for all? Oya!"
153,2019-12-20 21:41:03+00:00,“Have a Merry Christmas. And a happy New Year ... in Twitter jail.” -Mr. Potter’s great grandson
154,2019-12-20 16:59:27+00:00,"Jail video surveillance from Jeffrey Epstein's first suicide attempt in July is missing, lawyer says "
155,2019-12-13 17:22:04+00:00,"I agree. If he resigns, he'll be facing sealed indictments, trials & jail time. So I think he'll try to hang onto his ""job"" &amp; drag this out for as long as possible. It's all about Him. He doesn't care about doing any good deeds for our Country. It's about $. Mr. Untouchable."
156,2019-12-12 23:54:25+00:00,"@realDonaldTrump looser! Picking on a younger one @GretaThunberg. Get ready for your time out, in jail! "
157,2019-12-07 02:02:08+00:00,Hanoi Jane should be in jail for treason. She’s an anti-American bitch. 
158,2019-12-06 02:40:32+00:00,He's such a chickenshit he couldn't stand being in jail for even one day. He'll cut and run.
159,2019-12-06 00:53:20+00:00,"And Kerry is unique because he testified before congress and called his fellow soldiers baby killers. I know, I was in Vietnam when he did that. He’s traitorous prick. Should be in jail with Hanoi Jane Fonda. "
160,2019-12-03 02:32:01+00:00,"Wait this can’t possibly be the same IG report all the #MAGA &amp; #Trump2020 folks have been telling us would be so damning Obama, HRC and anyone associated with them would immediately be carted off to jail, could it?"
161,2019-11-29 17:05:29+00:00,"It’s a WOMAN! Can you believe it??? A woman is stalking me. She isn’t in custody at the county jail, (I keep checking) but she may be in in-patient at the psych ward."
162,2019-11-26 17:44:49+00:00,"@HighImpactFlix So if someone punches me, instead of just fighting back, I can go and get my dog , sick it on them and then proceed to beat the shit out of them? Something tells me that I would be going to jail. Special uniforms grant special rights."
163,2019-11-20 18:49:29+00:00,@neal_katyal How can Repubs continue to defy subpoena with out jail?
164,2019-11-20 13:04:42+00:00,BRING ON THE SENATE!!! BRING OUT THE I.G. FISA!!! BRING DEEP STATE PERPS! PROSECUTE THE CABAL!!! TIME FOR A BOOMARANG! LOCK UP THE HOAXERS!!!! & PUT TRAITORS IN JAIL!!! THEY TRIED TO DESTROY? OUR GREAT PRESIDENT??? BUT NOW SOON IT WILL BE THEM DESTROYED!!!!!! GOOD WINS! 
165,2019-11-19 14:35:38+00:00,I like this too. Even more than the last one… Julian is going to jail. 
166,2019-11-17 21:26:35+00:00,It’s because dad is going to jail!
167,2019-11-16 04:31:57+00:00,So should nfl players be charged with crimes for playing the brutal game? Did you see the qbs reaction to being hit with the helmet? He jumped up like a school girl I don’t think it was anything but a graze. You shouldprobably be in jail for all sorts of things like driving drunk
168,2019-11-12 00:15:26+00:00,"I’m with Coach Leach. The things I would do to wipe away my student loans... YA three months in jail, I’d do it. Lock me up. "
169,2019-11-04 19:09:51+00:00,"Agree.The time for verbal and twitter reprimand is over. Trump delites in chaos.Those who ignore,defy Congressional subpoenas should be held accountable thru huge fines,holding up pay,and/or jail.Dems show some backbone or we will lose it all. "
170,2019-11-04 06:00:14+00:00,IS THIS TRUE?? WHY ISNT SCHIFF? IN JAIL OR ISNT? IMPEACHED? FOR CRIMINAL FELONIES????? 
171,2019-11-02 18:31:26+00:00,"Isn't this illegal?Another item to add to impeachment http://list.AG Barr needs to be dealt with,as well.I know Congress must be overwhelmed,especially since the Senate isn't doing their job.But please,take steps to hold him accountable,censor,fine,impeach,indict, jail. "
172,2019-11-01 23:53:54+00:00,"“Change of plans, were not going to the concert, WERE GOING TO JAIL”"
173,2019-10-30 05:43:24+00:00,Aide needs to go to jail
174,2019-10-29 14:08:13+00:00,Exactly your class meaning middle class which today doesn't exist. If you are poor and go to jail your life is ruined. This must change. 
175,2019-10-28 23:49:44+00:00,PrezDT had to release all the Terrorists out of jail to catch one! COME ON! Classic strategy!! 
176,2019-10-25 03:18:50+00:00,"“And if R. Kelly goes to jail, I’ll piss on yo cat” "
177,2019-10-22 17:48:32+00:00,Realty Winner is a whistleblower who warned America that Russia hacked our voting rolls. Why is she in jail? Why are whistleblowers punished for revealing the truth and the criminals go free? https://www.inquirer.com/philly/columnists/will_bunch/free-reality-winner-whistleblower-american-hero-20180724.html?__vfz=medium%3Dsharebar via @phillyinquirer
178,2019-10-21 22:49:51+00:00,"Tonight at 6: I sit down in the Spokane County Jail exclusively with DeSean Weeks, the man accused of hitting and killing a man on a Lime scooter in North Spokane earlier this month. Here is a small part of our interview. @KHQLocalNews – at Spokane County Jail"
179,2019-10-18 16:44:57+00:00,"Really, you aloud terrorists to get out of jail...."
180,2019-10-17 04:08:58+00:00,Vote for Beggs. Jail is not the answer. 
181,2019-10-17 00:11:41+00:00,"I have NEVER said that. I’ve suggested those who are facing charges (drugs, theft, etc) be given the option of treatment, instead of jail!"
182,2019-10-16 17:18:33+00:00,"I’ll never forget in elementary school a kid put broken glass on my chair to see if I’d sit on it. Bradley, you’re fucking evil & I have a feeling you’re in jail now."
183,2019-10-16 01:49:51+00:00,The candidates are now taking questions from the audience ranging from the arts and climate change to the jail and border patrol sweeps at the intermodal center. @KHQLocalNews – at Bing Crosby Theater
184,2019-10-12 03:24:38+00:00,gotta get jail clearance for my job!!
185,2019-10-12 02:44:44+00:00,"Yea, like bernie, not someone that fully supported throwing people in jail for weed amd poor parents for kids missing school. Yea shes womderfuckingful. "
186,2019-10-11 15:58:45+00:00,spokane county jail is playing low rider in the lobby... which for some reason i find odd.
187,2019-10-10 22:07:49+00:00,Its a jail not a fucking shelter 
188,2019-10-09 15:35:32+00:00,"OBAMA IS BEHIND IT ALL? WATCH A FORMER U.S.A.? PRESIDENT?? BE JAILED?? FOR TREASON? OBSTRUCTION & FOR A """"U.S. ELECTION COU"""" REMEMBER THE SAYING? """"NOTHING HAPPENS?"""" WITHOUT THE PRESIDENT KNOWING!! &amp; ORDERING!!!!! (JAIL OR PRISON) NOW!!!! """"CUFFS &amp; PERPWALKS"""" SOON??? "
189,2019-10-07 19:39:39+00:00,Would love to see him thrown in jail. 
190,2019-10-06 18:11:51+00:00,You belong in jail. In hell. Now your saying that your the chosen one? The second coming of God? The King of the jews.
191,2019-10-03 15:26:04+00:00,@KellyannePolls well Honey it looks like you may see a jail sentence soon. Way to stand girl. You show that husband of yours. Go to jail.
192,2019-09-30 21:34:45+00:00,@RepAdamSchiff @JerryNadler. Subpoena Pompeo and bring his ass in. If he objects in any fashion whatsoever throw his ass in jail @NewYorkStateAG maybe it's time to look into William Barr's shenanigans enabling Trump's criminal Enterprises in New York state and fraudulent banking
193,2019-09-30 13:10:06+00:00,Put him in jail! Contempt of Congress!
194,2019-09-27 06:55:26+00:00,"“I can do whatever I want on the toilet, I got you out of jail.” @LindseyTreffry"
195,2019-09-27 00:58:18+00:00,Gwynn realizing that putting everyone in jail &amp; the chopping block is exactly what got her family overthrown is so awesome #TheOutpost
196,2019-09-26 21:02:35+00:00,Your compliance with this cover-up will END the tiny bit of political capital he has. Might possibly land him in jail. Yes the Democrat Party is out to Impeach this self deluded Demi-God. He should have 666 tatooed on his forehead. 
197,2019-09-24 01:26:02+00:00,"Facebook jail for being insensitive. I am a stand up comedian, I make more fun of myself than anything else. They think THAT was offensive? Wait till I am paroled!!!"
198,2019-09-21 23:32:05+00:00,That is a problem for you isn't it.Your whole life ppl have been out to get you and you've never done anything wrong. Poor baby. You bring this shit on yourself everytime you open your mouth. Your going to jail 
199,2019-09-19 14:26:53+00:00,Do It! Hold him in contempt. SEND HIM TO JAIL. NANCY NOW.
200,2019-09-19 14:21:10+00:00,Who is going to take him down? Who is going to make sure he goes to Jail. WHO
201,2019-09-18 11:03:04+00:00,Go straight to jail. 
202,2019-09-17 23:33:05+00:00,Hold his Ass in contempt of Congress and jail him until he answers the question. Him and everyone of them that do this or have ignored the Supenoea s 
203,2019-09-17 16:40:09+00:00,"I like Rep. Swalwell but, for all of Congress, it’s time to act or acquiesce. Put people in jail if you have to. Make them testify. "
204,2019-09-15 11:07:41+00:00,You are dispicable. You are Finished in politics and business. You are Finished as you have No Credibility. Your going to jail. Barr will go with you. At least you wont be alone.
205,2019-08-30 01:32:05+00:00,Outta Twitter jail! Man that was rough.
206,2019-08-29 08:17:27+00:00,"Its going to be kind of hard to win reelection after you get your citizenship stripped, thrown in jail and then deported."
207,2019-08-29 02:41:30+00:00,Twitter jail is so fun.
208,2019-08-26 18:32:00+00:00,I really hope she went to jail.
209,2019-08-23 15:51:57+00:00,What do you get when you cross Donald Trump and Bill Clinton? Found unresponsive in your jail cell. #badjokefriday
210,2019-08-21 19:17:00+00:00,"You didn’t read the Mueller Report, did you. Or pay attention to who’s been indicted, who’s in jail, who’s plead guilty..."
211,2019-08-21 04:04:38+00:00,If this fool Levi comes to the crib without an Oreo McFlurry for me I’m going to jail tonight
212,2019-08-15 17:55:33+00:00,This guy is a waste of oxygen and the people who put him back on the streets should be in jail. 
213,2019-08-13 15:18:02+00:00,"Daddy, are we human? Daddy, do puppies sleep? Daddy, can you get stuck in a cloud? Daddy, what is fog? Daddy, have you been a bad guy before? Daddy, has mommy been in jail before? All before 7AM today."
214,2019-08-08 15:21:32+00:00,The next Justice Department needs to put members of this administration in jail. 
215,2019-07-30 16:06:26+00:00,Trump needs to be put on prison along with his cohorts. That he betrayed BTW. Jail him now
216,2019-07-29 20:14:51+00:00,Lord give me the strength to not kill anyone today. Thank you I don’t wanna go to jail
217,2019-07-25 22:43:46+00:00,There are multiple people involved in child separation/amnesty denial that need to go to jail. This is March worthy.
218,2019-07-25 21:54:27+00:00,"William Mitchell, 72, says the legal system has left him frustrated. He’s been in the Spokane County jail for over two years. During that time, his trial has been pushed back over 21 times, according to court documents. – at Spokane County Jail"
219,2019-07-23 09:24:27+00:00,@PaulRieckhoff @angryamericans @WillieGeist @JoeNBC @maddow @jaketapper @ShepNewsTeam @NicolleDWallace @tedlieu @PeteButtigieg . North Carolina Jail Staff Accused Of Beating And Abusing Mentally Ill Veteran 
220,2019-07-13 17:49:24+00:00,Stop trying to make Judicial Watch a thing....it'll fold as soon as Tom goes to jail or gets sued for slander.
221,2019-07-12 15:13:04+00:00,"Another one of Trump's ""Best"" people forced out due to ties with a pedophile. I hope I don't have to live that long to hear that this one is going to jail also."
222,2019-07-12 04:43:52+00:00,"@KellyannePolls BECAUSE why? When will you advise this Ridiculous excuse for a President. Rapist, pedophile, fraud, sell out to Resign. Oh yeah thats right he can't cause he will go to jail. You should be ashamed of yourself!"
223,2019-07-11 01:38:01+00:00,"Why isnt she in Jail?? &amp; WHERES HER BROTHER??? WE WANT A DNA TEST??? &amp; HOW DOES POWER ?? GET YOU AWAY FROM ALL """"CRIMINAL PROSECUTION"""" SHE'S A """"SHE-WOLFE IN SHEEPS CLOTHING"""" &amp; SHES GIVING ""MUSLIMS"" A """"VERY BAD NAME"""" "
224,2019-07-08 23:41:54+00:00,"Speaker Pelosi, please start the official impeachment proceedings so that you can rain in and put controls around trumps obstruction of justice. Time to jail all of those surrounding Trump who are engaging in criminal Enterprise "
225,2019-07-08 18:22:08+00:00,Epstein is a direct link to the Russian mob and the wealthy American clients he has been cultivating for Generations. If they let him out of jail he's dead. He can bring Trump down and the Russians won't let him talk
226,2019-07-06 04:10:17+00:00,"IF THE STORIES ARE TRUE???? ABOUT MR. SCHIFF?? HE SHOULDBE IN JAIL!!!!! &amp; THE 6 MILLION$$$$$FROM """"CONGRESS SECRET ACNT"""" FOR SEXUAL MISCONDUCTS????? SHOULD BE PAYED BACK!! &amp; HE SHOULD BE """"REGISTERED"""" AS A SEX OFFENDER!!! &amp; HE SHOULD BE """"BUBBA'S BIT*H"""" IN PRISON?? (IF TRUE)"
227,2019-07-06 03:00:05+00:00,"Mississippi. Seriously! You really need to find more pressing matters, other than buggering around in the rights of others. Really? Jail-time for calling a veggie pattie, a burger?! Spending all that money to jail someone who did that, as opposed to jailing real criminals ... "
228,2019-07-05 16:10:43+00:00,Wow we really set off $500 worth of fireworks (the kind they pop downtown and at the lake) in the city and didn’t go to jail 
229,2019-07-03 02:55:25+00:00,No you aren’t...could y’all at least stop lying The NJMMP is a mess. It’s a scam. A “get out of jail” card for rich people.
230,2019-07-02 17:00:35+00:00,Jail thats where she her husband brother and father belong. Sick Bastards 
231,2019-07-01 21:25:42+00:00,This pair has been student leadership in Washington for almost 3 decades. Thank you for inspiring student servant leadership and keeping me out of ASB jail! @AWSLeaders #WASAAWSP19
232,2019-07-01 03:12:53+00:00,"BREAKING: Mark Rypien, former WSU & NFL QB, was arrested for domestic violence in Spokane today. He'll be spending the night in jail. Full details, including video of Rypien's arrest, only on @KHQLocalNews :"
233,2019-06-30 04:50:00+00:00,"That’s a freaking charge, screw flagrant......automatic jail time!"
234,2019-06-29 14:00:30+00:00,That I was gonna be dead or in jail by 18.... LOL. 
235,2019-06-27 16:09:26+00:00,You are a PIG May your penis fail you everytime you try to use it. FASCIST Baby Killer. Thats what you are. I suppose you'd be better entertained at Epstein's island sex trafficking operation or raping someone who ismt your type. Shut up go to jail where you belong you sick basta 
236,2019-06-26 00:40:17+00:00,Does anyone else think that he has already raped on Fifth Ave Maybe he could shoot somebody and get away with it. Jail this menace to society now before more people are hurt.
237,2019-06-21 02:21:46+00:00,@CountessLuann drop the title you American social climber. Countess of how many more times &amp; days you're going to spend in jail &amp; detox.
238,2019-06-19 11:22:34+00:00,Bless her little heart @PressSec maybe she should focus on staying out of jail for her obstruction of justice with comb over Caligula. 
239,2019-06-17 02:11:25+00:00,"WHAT ABOUT?? THE 1OO% ILEAGAL CAMPAIGN $$$$""""A MILLION DOLARS"""" ??? WHAT ?? THAT WHOLE FELONIOUS ISSUE ??? """"GET SWEPT UNDER THE RUG"""" ???? & WHY?? ISNT """"OMAR IN JAIL"""" (COME-ON) MAN????? SWAMP COVERING? FOR SWAMP"
240,2019-06-15 18:54:27+00:00,These police officers should be in jail for many different counts. 
241,2019-06-14 14:46:26+00:00,Her future as well as your own is doomed. Your both liars. You both sold out your country. You need to resign. Jail is a very real possibility. 
242,2019-06-14 00:07:20+00:00,Those with a jail broken fire stick. HELP
243,2019-06-13 16:04:57+00:00,Agreed why is he still In Office? The American people expect all of you to do your job. Impeach him now. The senate can take their chances in the election. How can we vote him out if Russia is controlling the outcome. Get busy. Agreed he should be in jail . 
244,2019-06-10 07:17:11+00:00,I will end up in jail. I paid for my music so they had better figure out how to save it.
245,2019-06-08 05:49:49+00:00,just told my mom the story about wiping my ass with a corn tortilla in jail
246,2019-06-07 20:53:48+00:00,"""That's fine if he's and jail and can't give me a baby when I'm 25, then I'll just get a sperm donor"""
247,2019-06-04 17:14:27+00:00,"Their parents are in jail, so you are getting your way. Now if we could just not catch and release them moving forward would take Congress, led by you corrupt party. #FixIt #MAGA #BuildTheWall"
248,2019-06-02 16:50:28+00:00,"10am still drunk, didn’t loose my wallet, not in jail, good night"
249,2019-06-01 05:57:54+00:00,browsing the jail roster is one of my hobbies
250,2019-06-01 00:53:20+00:00,"Hey Rudy, are you worried about all those mob guys in jail? Think how happy they're going to be to see you when you're sent to prison for your role in trumps treasonous cabal "
251,2019-05-26 18:28:53+00:00,And you democrats wonder why we call for her sick ass to be put in JAIL! 
252,2019-05-26 15:27:20+00:00,"Wheres The FBI? FOR THE """"FAKE POWDER"""" ???? HE'S GOTTA DO JAIL TIME!"
253,2019-05-25 15:22:36+00:00,You will never stand with him then. Just say that. How about him declassifying Spygate?? Now let’s see who’s in jail. Do you think they will let Hillary and Barry share a cell??
254,2019-05-25 15:15:21+00:00,Obama is going to jail. It’s what they do to people who commit treason.
255,2019-05-23 19:27:35+00:00,A witch hunt doesn't convict all those people from your Administration. Go to jail where you belong. You are a sick sick man 
256,2019-05-23 16:38:26+00:00,Why is it that your Administration so dark. Bc we have a sociopath for a President. He and the FACIST RIGHT are actually killing children. Trump thinks he is above the law. He is not. Jail all of them. The whole administration. 
257,2019-05-21 00:04:42+00:00,@RepJerryNadler. Subpoena them and haul their ass to jail if they refuse to comply with the law 
258,2019-05-19 12:28:46+00:00,They should all be in jail and their contracts issued to other companies. There must be an example of those who engage in war profiteering 
259,2019-05-19 12:26:33+00:00,Things that really piss you off @StephMillerShow. @fromthebunkerjr. This company should be dismantled its contracts this you to other companies and their executives stripped of their wealth and sent to jail. This Is War profiteering at the most extraordinary level @Morning_Joe
260,2019-05-17 23:24:47+00:00,Trumps ass is going to land in jail 
261,2019-05-17 21:51:57+00:00,Join the community conversation about the future of the Spokane County Jail and the Criminal Justice System. Two meetings are planned to start this conversation on May 20 and 21. May 20: https://www.facebook.com/events/2251681094918717/ May 21: https://www.facebook.com/events/608395326303429/
262,2019-05-17 20:58:42+00:00,"@SpeakerPelosi @JerryNadler please put that arrogant prick and to jail and fine him $100,000 a day. The Secretary of Treasury is obstructing justice as Trump's Lackey https://twitter.com/lauferlaw/status/1129486174614163456"
263,2019-05-17 12:20:39+00:00,"As American citizens, we demand the investigate to the deep bottom of this setup to undermine our President. Someone must go to jail for this treason!!!"
264,2019-05-16 21:23:04+00:00,The @spokanecounty co-deployed law enforcement officer and behavioral teams have resulted in high diversion rates and reduced jail time #RethinkJails #StepUp4MentalHealth
265,2019-05-16 19:29:13+00:00,"Alabama and Ohio senators need a quick punch to the dick. Oh wait, that would mean a misdemeanor charge for assault/battery and a possible facing of up to 6 months in jail. That’s 6 months less than a rapist in NY got. Our government is so fucked."
266,2019-05-16 01:13:18+00:00,I did a bad They saw my tail Now I'm sad I'm now in jail @CuriousZelda
267,2019-05-15 21:42:01+00:00,CHECK THIS OUT: Employees captured this woman losing it and destroying a Rite-Aid in Moses Lake on Monday. She was eventually arrested and booked into jail on multiple charges.( iFiber One News) @KHQLocalNews
268,2019-05-08 13:46:24+00:00,"I started making ""The Spokane Story"" boardgame. It is as politically incorrect and crazy as you would expect! You start out in the showers at county jail. You move around the board to collect resource cards (money, pawnable items, meth ingredients). 1 of 2 #thespokanestory"
269,2019-05-08 02:10:43+00:00,FAKE NEWS PROPAGANDA BULLSHIT DELUSIONAL ALTERNATIVE REALITY. DUMB ASSES. TRUMP CANT READ MUCH LESS WORK. CAN'T WAIT TILL YOU AND YOUR SPAWN GO TO JAIL. ASSHOLE 
270,2019-05-08 00:49:14+00:00,JAIL!!! FOR NOT FOLLOWING THE CONSTITUTION OF THE UNITED STATES!!!
271,2019-05-07 22:44:35+00:00,Senators like building jails to profit off sending black men to jail for weed related crimes.
272,2019-05-07 21:15:49+00:00,This ASS needs to be put in JAIL! 
273,2019-05-07 13:54:50+00:00,Mnuchin needs to go to jail too! This whole administration is one massive colon-clogging obstruction from HELL. #lockhimup #impeachNOW #impeachTrump #dumptrump #trumpforprison2020
274,2019-05-06 18:46:42+00:00,"“Then later on, On the drive home, I called her mom, From a payphone, I said I was the cops, And your husband's in jail.”"
275,2019-05-03 01:47:47+00:00,just got kicked from a fb crime group because i told the admin to stop trawling jail records to find people who look like the Delphi sketch. the internet is garbage
276,2019-05-01 23:12:18+00:00,The crowd will march to the Spokane County Jail after some speeches. Martinez said part of the protest is to call on the jail to end its contract with ICE.
277,2019-05-01 22:31:40+00:00,"Another story from the ""Hell House O' Trump""... This crap is exhausting! Seriously, we ALL know, that if we did even a FRACTION of their illegalities, we'd be in jail for a long time. By these a-hole people are the WORST scoff-laws in the country! So pissed, I could explode! "
278,2019-04-30 14:44:28+00:00,Miss Kellyanne Conway. Your Boss is an incompetent Ass. Russia interfered in the 2016 election in sweeping and systemic fashion. Why don't you condem that. Bc it did put him in office illegitimaly! If your not hiding anything answer questions HONESTLY and stop deflecting. Jail is
279,2019-04-28 04:04:15+00:00,I literally ignored a phone call to tell this funny jail story TURNS OUT MY OLD CELLMATE WAS TRYING TO CALL ME
280,2019-04-28 04:00:48+00:00,jail was shit but my stories are GOLD
281,2019-04-28 01:24:12+00:00,Like that will fly. Co-equal branches of government don't jail each other.
282,2019-04-25 18:19:45+00:00,Put her in JAIL where she belongs- 
283,2019-04-22 20:20:16+00:00,Video Proclamation! I am renting a Mini Van and moving to Western Canada. I have had a U.S. Passport for awhile. You think I am staying where these Losers can get me put in Jail? It's… https://www.instagram.com/p/BwkicMhlVUx/?utm_source=ig_twitter_share&amp;igshid=5rebnoh6sxwo
284,2019-04-22 04:32:03+00:00,"I doubt anyone would lose credibility being Hillary's lawyer as fast as Trump's have. Nor have any so far gone to jail, which is something Trump's can't say. Roy Cohn (one of the great scumbags of US history) used to be Trump's lawyer too, No honor there."
285,2019-04-20 07:23:19+00:00,"00:16 am. "" Good Morning Little Schoolgirl "" by Ten Years After on the Earbuds on Spotify Savoy Brown Radio. The Conspiracy unfolds: The Losers are gonna have me in Jail soon with the… https://www.instagram.com/p/Bwd_itsFcdz/?utm_source=ig_twitter_share&amp;igshid=og7y92v3wpih"
286,2019-04-20 07:11:36+00:00,"It's 00:07 Saturday April 20, 2019. These Losers might have me in Jail any day, and the Rent A Cop's that work here are helping them do it. You Think Catholic Charities wants to lose… https://www.instagram.com/p/Bwd-jpDlMfl/?utm_source=ig_twitter_share&amp;igshid=jb7njti722uv"
287,2019-04-19 18:15:08+00:00,"I got sprung from Twitter jail. It did not change however, how I felt in my statement. It is ridiculous to think it advocated violence, especially when the left uses that and no one bans their account."
288,2019-04-19 04:43:10+00:00,"i didnt even know slime went to jail, im out the loop"
289,2019-04-17 13:54:59+00:00,Barr: Jail many asylum seekers indefinitely while cases in court..yep here we go Trump's lil butt buddy pudgy Barr https://www.cbsnews.com/news/ag-barr-jail-many-asylum-seekers-indefinitely-while-cases-wind-through-courts/
290,2019-04-17 04:42:14+00:00,a week in jail was a solid 0/10 experience 
291,2019-04-15 20:59:33+00:00,Omar supporters hold rally outside Trump event in Minnesota..mentally ill Trump's behaivior is self explanatory shows his own stupidity and ignorance on his comments made about the congresswoman he should be put in jail those are threats 
292,2019-04-14 18:33:16+00:00,Feds send target letters to adult children in admissions scam..although this is beyond all comprehension and depolrable and wrong...I ask the question WHO DO YOU THINK IS BEHIND THIS???? TRUMP and let's not forget traitorous manafort 14 years in jail 
293,2019-04-12 16:37:55+00:00,"I was in Vietnam when this traitor, fraud, and treasonous shithead testified before congress and called me and my brothers “baby killers.” He should be in jail. "
294,2019-04-11 17:04:31+00:00,Jail is in order for many of the people who were involved with this CRAP! 
295,2019-04-11 14:17:07+00:00,"FISA FISA FISA FISA ????? & SECRET FISA JUDGES??? """"MUST BE CALLED OUT""""!!!! IF THEY WERENT COMPLICIT???? WHY ISNT THESE JUDGES PUTTING PEOPLE IN JAIL???? """"THEY WERE FOOLED TOO"""" (FISA FISA FISA) """"WE NEED ACCOUNTABILITY"""" "
296,2019-04-10 06:15:43+00:00,"Lol you could make $2,400 working at McDonald’s in 3 months snow now you’re spending years in jail/prison for premeditated murder DUMB mother fucker then bragging about how you got $2400 in cash (enough for a used 1986 Toyota Corolla) for KILLING SOMEONE."
297,2019-04-08 17:10:44+00:00,It is a travesty that so many childrens' first memories are going to be of being locked up in a cruel American jail. Of course they're going to grow up to hate us. Which plays into The Republicon Party's hand perfectly. #american #FamilySeparation #bordercontrol #atrocity
298,2019-04-04 01:50:14+00:00,Top Democrat formally requests 6 years of Trump's tax returns..trump and the stooge Whitehouse are a menace and a threat to the U.S.OF.A WE NEED TO MARCH TO AND PROTEST ON THE WHITEHOUSE AND OVERTHROW THIS GARBAGE HANDCUFFED AND TAKEN TO JAIL 
299,2019-04-03 05:03:08+00:00,"“All I can say is, crime in Post Falls is going to go down with me in jail,” he told the arresting officer. He also has three felony warrants in Spokane County. "
300,2019-04-02 14:51:45+00:00,Someone please lock up rep.JIM JORDAN INTO JAIL FOR HIS DISRUPTIVE AND VOLATILE AND AGAINST CONGRESSIONAL RULE OF LAW BEHAIVIOR YOUR A P.O.S JORDAN ROT IN HELL BAD KARMA TO YOU
301,2019-03-30 10:15:29+00:00,so who’s bailing me out of jail
302,2019-03-30 04:05:23+00:00,"Yes... SOMEBODY will have to go to jail. The sacrificial lamb, as it were. Not sure who won THAT title yet but I guess we will see. Let us not focus on revenge let us focus on fixing it. :)"
303,2019-03-26 23:59:54+00:00,A suspect is in the Benton County Jail after being recognized by his parole officer in surveillance videos from thefts at two Spokane hospitals. Hear from one of the victims at 5. @KHQLocalNews
304,2019-03-23 00:59:19+00:00,Find this POS and put him in JAIL 
305,2019-03-21 14:33:06+00:00,So I tried to thow it out in the field but it landed on his windshield and they jacked the jail up'n thowed me under it 14 days... etc.. LIKEY ???
306,2019-03-21 07:53:55+00:00,23 year old Florida man jumps in crocodile exhibit gets jail time 
307,2019-03-16 23:45:30+00:00,"SHE GOT INTO 3 OR 4 UNIVERSITIES!!!!??? & SHES NO """"ROCKET SCIENTIST""""??? BUT SHE IS A """"CLINTON"""" IMAGINE?? WHAT SHE KNOWS??? ALL ABOUT THE CORRUPTION & CRIMINALITY???? I WONDER IF SHE WAKES UP AT NIGHT?? """"SWEATING & SCREAMING"""" SOMEONE NEEDS TO GO TO JAIL?????"
308,2019-03-16 10:23:30+00:00,"I don't want to have to fight your husband, Leann, but lord Knows i would in a heartbeat but they would just throw me in the jail cause I hurt a civvie."
309,2019-03-14 20:51:17+00:00,"Trump supporter kicked out of an NYC bar, but there's more to the story..cini your a P.O.S AND A MENACE AND THREAT TO THE U.S.OF.A SHOULD BE THROWN IN JAIL P.O.S https://www.cbsnews.com/news/maga-hat-bar-trump-supporter-kicked-out-upper-west-side-bar-jakes-dilemma-whole-story-2019-03-14/"
310,2019-03-14 11:16:32+00:00,#ThingsRichPeopleDoDifferently Jail time for white collar crime. 
311,2019-03-13 20:56:33+00:00,Manafort sentenced in D.C. case..HOPE YOU ROT IN JAIL P.O.S MANAFORT TRAITOR 
312,2018-01-06 00:35:35+00:00,Fucker made me put his bed RIGHT HERE but is lying in jail (his kennel)... #catahoula… https://www.instagram.com/p/Bdlo2LZDd7K/
313,2017-05-04 18:40:20+00:00,Keller Williams Realty going to jail to support MDA lock up!!! #mdalockup #kellerwilliams… https://www.instagram.com/p/BTrkpTfAMwK/
314,2016-08-04 18:26:14+00:00,"Jail food! Don't worry mom, I'm eating salad too! Hey everyone, I get to ring a bell if I get… https://www.instagram.com/p/BIsmBZ8gcUa/"
315,2016-08-04 18:17:23+00:00,Stuck in jail! Somebody help! #mda @Red Lion Hotel At The Park https://www.instagram.com/p/BIslAlSgc9p/
316,2016-08-02 00:20:24+00:00,"I'M GOING TO JAIL! In case you missed this, or forgot (like me), it's happening this week. I… https://www.instagram.com/p/BIlgKzYgfai/"
317,2016-07-29 17:01:28+00:00,My twin brother got out of jail this morning. He's playing a solo set at The Observatpry tonight… https://www.instagram.com/p/BIc_jRaDQAx/
318,2016-07-01 22:18:03+00:00,Take that California! This is for all those years of thinking that I would be thrown in jail if… https://www.instagram.com/p/BHVdhhujYLI/
319,2016-02-23 09:28:52+00:00,I live next to the jail and a guy just escaped a squad car by shitting his pants. This happened in my back yard essentially. So funny.
320,2016-01-08 09:12:20+00:00,@clink203 ha I live across the street from the jail in Spokane :)
321,2015-11-13 21:40:20+00:00,@JodiChandler15 @rvestal75 Dad kept going to jail. #StopItDad
322,2015-11-02 02:04:12+00:00,"1) it's a get-out-of-jail free card, dating back to Nixon, for malfeasance and stupidity."
323,2015-08-07 15:09:57+00:00,Remember when I freaked out hardcore in a bar during the NFC Champs when Aldon Smith tackled Russell because I thought he should be in jail?
324,2015-05-02 22:57:51+00:00,Jail Bail @Alpha Phi Sorority https://instagram.com/p/2MncUindwY/
325,2015-05-02 05:10:46+00:00,"So much ignorance! Why is it ever okay to break the law because ""too many people are doing it to jail us"""
326,2015-04-25 21:31:34+00:00,Jail talk sounds so convincing sometimes
327,2015-04-04 18:52:07+00:00,I'm at the Spokane County Jail waiting to interview a man charged with robbing two banks in Jan 2014. He says he didn't do it. #KXLY
328,2015-04-03 03:10:20+00:00,"""Jail... a big sleep over with all my friends"" ~@AndrewVandine"
329,2015-03-17 03:55:42+00:00,"If I go to jail tonight, promise you'll pay my bail"
330,2015-03-12 12:44:03+00:00,"@TheHerd the sports of keeping humans alive, educated, or out of jail"
331,2015-03-11 01:51:50+00:00,@megynkelly @SenRandPaul Hilary is such a smug bitch. I hope she goes to jail.
332,2015-03-07 23:54:19+00:00,Ann could kidnap me cause she's 18 and it would BE REAL. She could go to jail and stuff 
333,2015-02-16 02:49:44+00:00,"uncle: hey, i was in jail up there grandma: why were you in jail? uncle: you know now that I think of it, that wasn't me #dodgedabullet"
334,2015-02-10 18:02:29+00:00,@s_mcvicker bruh don't believe that shit my twitter got hacked like my Facebook 4 of y'all to young and I ain't going to jail for no one
335,2015-02-06 22:29:57+00:00,@kinkslinks @yamrthehammer Send him to gay baby jail officer
336,2015-02-05 03:50:09+00:00,@kimberr9 it's college not a life sentence to jail.
337,2015-02-04 19:59:40+00:00,"""Stayin' out of jail call me Morgan cuz I'm free man. Keep it simple back to the basics where it all… http://instagram.com/p/ysR48MSX0D/"
338,2015-02-03 16:13:11+00:00,@ConstructionAir we are a general contractor with a mission to train Veterans. We also hire those rebuilding after jail or addiction.
339,2015-01-08 00:43:38+00:00,#AlexProbz “@Lefriec_KXLY: Waiting in jail. #newsproblems ”
340,2014-12-23 01:46:22+00:00,@cmaaccc does your brother want me to go to jail lol
341,2014-12-22 05:15:02+00:00,@Hurdle_Girl do I have to go to jail!? 
342,2014-12-17 12:09:35+00:00,Intelligence: too use all available resources to make sure what one is doing is not going to land one's butt in jail; Justin Bieber?do that?
343,2014-12-11 21:30:58+00:00,Have a feeling a lot of mf's are going to jail this night... 
344,2014-12-08 16:31:00+00:00,@KREM2 spokane county jail on lockdown.
345,2014-12-08 16:27:00+00:00,"@kxly4news spokane county jail on lockdown, no further info."
346,2014-12-02 22:17:24+00:00,Rapper @MeekMill out of jail today. I just hope he learned his lesson about posting reckless on #socialmedia
347,2014-11-25 18:05:27+00:00,"Judge imposes a sentence of 364 days in jail but suspends all of it, 60 hours community service, 12 mo probation, and fines.@KREM2"
348,2014-11-21 21:14:17+00:00,"""You're a night savor, my home girl just got outta jail and we don't have a lighter"" I was like uhhhh okaaaay... Lol"
349,2014-11-07 01:00:10+00:00,I want to jail break my phoooone
350,2014-10-25 07:04:21+00:00,"My cousin must have got outta jail.. He's likin my pics haha. He'll be back in, in a month."
351,2014-10-20 06:25:13+00:00,Can you still go to Twitter jail for tweeting to much? I remember I had that like 5 times. #ITweetedAlot!!!!!!!!
352,2014-10-17 23:57:24+00:00,"I have a couple homies that've been to jail, they're good people tho. Just made some bad decisions"
353,2014-10-07 18:23:19+00:00,County Commissioners unanimously voted to hire 12 corrections officers and 4 nurses for the County Jail and Geiger. #KXLY
354,2014-10-07 17:42:19+00:00,County Commissioners hearing about hiring more jail staff. #KXLY
355,2014-10-06 16:34:07+00:00,"When people say ""it's cuffing season"" I feel like everyone's just going to jail. "
356,2014-10-05 08:47:47+00:00,@Real_J_Eddy @Shoulders24_7 @windyinthe509 @SpokaneWaUpdate I took this guy to jail
357,2014-10-01 20:21:37+00:00,"This girl sitting next to me just said ""I have been to jail twice, and they won't take my kid."" She also said ""I went for stabbing my mom."" "
358,2014-09-27 16:58:09+00:00,I know when Meek Mill gets out to jail he's gonna Rap all about it like he spent 7 years behind bars.. 
359,2014-09-22 20:22:20+00:00,Joseph Patterson was at Holy Cross Cemetery yesterday looking at this moose. Now he's in jail. #kxly
360,2014-09-19 20:34:04+00:00,James Henrikson is dressed in an orange jail jumpsuit. With a fresh haircut. #murderforhire
361,2014-09-15 03:48:53+00:00,"@TheMikeEllis: If I hit someone, in public, with cameras rolling. As a black man, I'm going to jail &amp; @SpokanePD would ask questions later"
362,2014-09-12 22:28:43+00:00,@GrantMarti01 still talkin shit even when he in jail 
363,2014-09-08 18:29:34+00:00,Ray Rice committed a serious crime and should serve the appropriate jail time. Very disappointing if he's back on the field week 3. #NFL
364,2014-09-08 17:15:26+00:00,"The problem is money in the justice system those with money tend to get off with a slap on the wrist, no money and you're going to jail son."
365,2014-09-08 13:48:45+00:00,@RepublicanSwine no excuse for this kind of parenting just put him in a hot car and then go to jail
366,2014-09-08 04:56:10+00:00,#hishandslive Brandy Clark is keeping us out of jail with Stripes and Jennifer Nettles is taking us to church!!! AHHHH-MAZING SHOW!!!
367,2014-09-04 06:15:34+00:00,"This dude is in jail for being a cannibal. He fried up some dude, ate it, gave some to his friends.. Lied and said it was kangaroo.. what."
368,2014-09-01 10:44:21+00:00,"And then I said, "" I don't need a drivers license deputy I'm a sovereign citizen of the state of euphoria.#handcuffs#jail"
369,2014-08-30 18:05:44+00:00,Like I might talk hella crazy shit but I would never do some shit that would end me up in jail...
370,2014-08-29 16:30:53+00:00,"""Don't get married, don't get any face tattoos, don't go to jail"" #VegasAdvice #optimistic"
371,2014-08-27 01:25:27+00:00,"Yes, date men who have recently gotten out of jail. Lovely life choice, princess."
372,2014-08-26 04:05:57+00:00,“@TSSCrew: #FreeJeezy: Rapper Currently Seeing It All From A Jail Cell http://smkngsc.tn/1sqP76F https://twitter.com/TSSCrew/status/503989814556102658/photo/1” #CantBanTheSnowman
373,2014-08-21 08:10:38+00:00,Stolen shopping scooter ride leads to jail http://m.apnews.com/ap/db_268786/contentdetail.htm?contentguid=qhM1wllR (from @AP) #DUH
374,2014-08-21 05:58:50+00:00,Tonight I promised myself I will not go jail for stabbing my coworker in the eye with an anal plug
375,2014-08-16 19:27:55+00:00,I wanna jail break my phone so bad
376,2014-08-16 04:12:26+00:00,This girl steady complaining her boy is in jail. Like reallllly? Maybeee just maybeee you shouldn't date someone in and out of jail
377,2014-08-14 07:33:56+00:00,I watch tv for the first time in probably 2 weeks and teen mom is on and jenelle is pregnant and picking up her bf from jail. TV sucks lol
378,2014-08-11 21:40:38+00:00,"Joshua Smith released from jail and 2nd Degree Murder charge dropped, pending further invest, This relating to N Spokane fatal shooting."
379,2014-08-05 01:42:14+00:00,@Flight_J5 @islandbouund you know celebs are treated differently in jail too so
380,2014-07-27 19:57:18+00:00,"""@kgarrison: Not enough time left for Obama It would just gum up the election Obama gets indicted if we win Put him in jail @93Rshanty"" YEP"
381,2014-07-25 18:27:52+00:00,"@MichelleDBeadle, If @RayRice27 knocked one of my sisters out, I would be spending the rest of my life in jail @scamptv @stephenasmith."
382,2014-07-24 02:39:48+00:00,"@SpokesmanReview No one for three years have talked about a new jail. What a low life tactic Mark Sterk, would use to promote Orr 4 Sheriff"
383,2014-07-24 02:36:10+00:00,@SpokesmanReview Mike Prager Mr former loser Mark Sterk is a liar about a 300 million new jail commercial to promote a weak Sherriff Mr Or
384,2014-07-16 06:19:51+00:00,"Does anyone have a ""get out of jail free"" card handy? #stranded"
385,2014-07-08 19:53:04+00:00,I ain't never been ta jail or in back of police car ..ion condone getting caught weather a Nigga told on ya or you got caught red handed
386,2014-07-08 19:26:47+00:00,You have your brothers child while he's in jail when he didn't even want you to take care of her and y'all can't even bring her to see him.
387,2014-07-08 05:06:38+00:00,“@YungOutline: Gucci Mane is in jail still dropping mixtapes but u can't even text me back” 
388,2014-07-02 20:24:17+00:00,So does twitter jail still exist or nah?
389,2014-07-01 07:56:01+00:00,Had a phone in jail that's a cell phone
390,2014-06-26 17:52:04+00:00,I wanna jail break my phone.. But I don't want it to fuck it up.
391,2014-06-26 17:33:03+00:00,"@DamnItLynn Lol..well if u do, I'll bail u out of jail if needed...#breathe ; )"
392,2014-06-24 18:54:26+00:00,"""@FoxNews:National Archives boss: IRS 'did not follow the law' on lost #Lerner emails http://fxn.ws/TrYDee ""Jail her"
393,2014-06-22 16:51:27+00:00,"sending pretty boy money for his defense fund to get him out of jail go figure that one, lengthy record is trumped by looks"
394,2014-06-19 19:33:35+00:00,"RT @eGolf63: I wonder if @crystalchappell is in jail as she hasnt tweeted in forever ;-)""//Lol"
395,2014-06-15 06:09:46+00:00,"Oh good, now I'm getting phone calls from jail #isthisreallife"
396,2014-06-09 17:11:01+00:00,@Oliviaand24 @eGolf63 I bet she ends up in the same jail with everyone she treated badly and as Crazy Eyes wife..Karma..Lol
397,2014-06-03 20:39:17+00:00,Cori Woodard's charge has been dropped. The 18yo is being released from jail. #kxly
398,2014-06-01 22:23:40+00:00,"""@RushetteNY: 'Allah' nicknamed Twitter user given 15 months in jail http://www.worldbulletin.net/muslim-world/137721/allah-nicknamed-twitter-user-given-15-months-in-jail""This is progressives goal to kill Christians"
399,2014-06-01 22:22:48+00:00,"""@RushetteNY: 'Allah' nicknamed Twitter user given 15 months in jail http://www.worldbulletin.net/muslim-world/137721/allah-nicknamed-twitter-user-given-15-months-in-jail"" This is the agenda of progressives to bring USA"
400,2014-05-30 05:40:47+00:00,@taya_lavigne @RachMassie_ he's in jail lol
401,2014-05-27 17:46:46+00:00,@BigAL_LEWIS @Bull_Moose_Prty @dribblethots @_CFJ_ Ms Rice should be in jail
402,2014-05-14 19:59:30+00:00,"Guy walks into class and hands the teacher Mondays homework ""sorry I was stuck in jail for four days and couldn't turn this in"" lol okay"
403,2014-05-08 18:20:41+00:00,Braden says im going to jail for me taking a elementary school hostage.
404,2014-05-08 00:28:25+00:00,“@FightCIubs: Niggas will say anything not to go to jail https://vine.co/v/hVVFHe15PrT” LOL 
405,2014-05-05 06:04:00+00:00,UPDATE on me JAIL BREAK I'm on my way home! @BronyPatriarch is stabilized in ICU @BronyGranny is sleeping I'm going to bed BLESS Y'ALL
406,2014-05-02 16:49:43+00:00,"@Featherprop @ShiroTenshiRyu @BronyGranny Granny is doing GREAT! She may even be freed, totally from ""neck-jail"" aka her neck brace by #EFNW"
407,2014-04-21 05:32:44+00:00,"“@Spokane_News: Spokane County Jail had a possible attempted jail break today. Spokane News was advised a 6"" x 3"" hole was found.."" Hmmmm "
408,2014-04-19 04:41:52+00:00,"""@RedNationRising: Charlie Got It Right!! @SenatorReid #PhoneyAmerican #RedNationRising ""Absolutely put in jail"""
409,2014-04-16 19:47:15+00:00,UPDATE @MarioLazor JAIL BREAK HAZZZZAH! I just got home from picking Andrew up happy HAPPY Mommy is HHAAPPPPYY #BRONIES #LOVENTOLERATE
410,2014-04-16 18:00:06+00:00,Emails reveal IRS plot to jail conservatives http://po.st/I7ndtC via @worldnetdaily Their coming while we sleep.
411,2014-04-14 17:10:19+00:00,"Cliven Bundy is the lawbreaker. Take him to jail, leave the cattle alone.#BundyRanch #ClivenBundy #NevadaRanch"
412,2014-04-14 17:08:24+00:00,Should have taken Cliven Bundy to jail for his violations; not his poor cows!
413,2014-04-14 00:57:47+00:00,Aldon Smith is an absolute dumbass. He should be in jail by now
414,2014-04-01 05:31:14+00:00,In Twitter jail mannn. FUCK DA POLICE
415,2014-03-28 01:39:33+00:00,"@Disciple4Lif @WardenBear look him up on YouTube. You can lookup his tax-evading, jail-bird father, Kent as well."
416,2014-03-24 05:48:28+00:00,"Fast forward towards the stars in a jetpack, My feet might fail me, my heart might ail me, The synagogues of Satan might accuse or jail me."
417,2014-03-22 03:23:27+00:00,"@briansevrey also, Hovind is in jail right now for tax evasion. But his miscreant son dusted off dad's old shtick and hit the road with it."
418,2014-03-19 00:04:36+00:00,"@LogicalNarwhal good thing I'm not drunk. Me, my camera AND my stupid antics would end up in jail."
419,2014-03-18 23:38:19+00:00,@SamBehnam @nonprophetess I heard about that. I'm sure Kent Hovind is writing a rebuttal to it from his jail cell as we speak.
420,2014-03-17 20:41:51+00:00,First appearance delayed to tomorrow. Jail records state Perry was booked into Spokane Co. Jail on Friday.
421,2014-03-14 18:45:01+00:00,"@alyssastailey receiving a call from the Spokane county jail blah blah blah"""
422,2014-03-10 21:53:40+00:00,"@ShikariSPEEDER @ActorPeterNew @Dusty_Kat @Screwball_SBMF @BronyGranny @BronyGranny got out of ""jail"" the hospital yesterday while I slept"
423,2014-03-10 06:41:07+00:00,@jacklindell OH GOD ANTHONY'S GONNA GO BACK TO JAIL QUIT
424,2014-03-10 04:29:12+00:00,"""I ain't going to jail again... I'll fight I ain't got not underwear on and take my earrings out"""
425,2014-03-06 18:32:46+00:00,Mrs.Waldman: let's say we're trying to put a murderer in jail. Class: oh dang! Me: cool!
426,2014-02-11 01:21:56+00:00,@BryanKMcGlynn we got the jackas in the hood who die & go to jail. The ballas in the hood who post everybody's bail 
427,2014-02-11 01:15:08+00:00,This kid jus left a voicemail callin me uncle sayin he's in the hospital cause he was using again and he's going to jail he said I feel
428,2014-02-05 19:36:21+00:00,@@757raider TODAY'S COURT APPEARANCE &amp; I DIDN'T GO BACK TO JAIL &amp; MY X &amp; HIS SHIT ARE STILL GONE I'M SO HAPPY! 
429,2014-01-25 18:18:00+00:00,Now that JB is in jail we just need One Direction to go. #wishing
430,2014-01-23 19:56:17+00:00,Why does everyone care about Justin Beiber going to jail?
431,2014-01-12 03:29:22+00:00,I got 5 passports I'm never going to jail.
432,2014-01-04 10:10:07+00:00,You like made me wanna do all that stuff but then u didn't.. Because he ended up in jail.. Cool waste of 3 hours!
433,2013-12-29 03:51:44+00:00,@Hdz1179Brandon actually no I tried quoting that when I was I twitter jail but it went to my drafts. Don't flatter yourself boy.
434,2013-12-28 05:48:23+00:00,I can't wait till one of you fools who drink and drive finally learn your lesson and end up in jail. You'll regret when someone gets hurt.
435,2013-12-27 20:55:54+00:00,I personally am not surprised Hailey Osborn is in jail.
436,2013-12-22 09:43:08+00:00,Watching an episode of Jail and they end up booking OJ Simpson #classic
437,2013-12-19 05:17:27+00:00,Thrown in jail or killed? No. Saying whatever you feel like and not suffering some sort of repercussions? Also no. #realworld #mindfulwords
438,2013-12-11 06:12:26+00:00,Wtf is this twitter jail non-sense? -.- I barely ever retweeted shit.
439,2013-12-09 04:00:39+00:00,“@Eightinchgoat: I'm out of twitter jail! Do I have to register with a PO as a ReTweet offender?” Too funny 
440,2013-12-06 02:20:49+00:00,I will kill you and I don't care if I go to jail. It'll be worth it. Cunt.
441,2013-12-03 01:24:31+00:00,"Facebook is like a jail you sit around, waste time, have a profile picture. Write on walls and get poked by guys you don't really know."
442,2013-12-02 19:14:29+00:00,But I can't and I won't deal with someone who is in and out of jail .. I promised myself ill never be with someone like my dad .
443,2013-11-27 22:15:35+00:00,"@BronyPatriarch thanks y'all 4 your support, well wishes, prayers &amp; luv He's been released from jail, I mean the hospital &amp; is HOME BEHAVING"
444,2013-11-27 22:06:03+00:00,UPDATE @BronyPatriarch is HOME! JAIL BREAK JAIL BREAK JAIL BREAK! Sirens of Family happiness BARKING! EEEYYYAAAYYYNNNEEESSSSSS
445,2013-11-26 04:41:36+00:00,@michellem_76 hahha hold on there's more! I have all these interactions trying to multitask hhaahaay end up in twitter jail lmao
446,2013-11-26 02:04:48+00:00,I've never been to jail but I'm pretty sure it feels a lot like walking into the Logan Safeway alone at night 
447,2013-11-21 00:07:51+00:00,I also planning on checking out. Leadership Spokane tour. (@Spokane County Jail) http://4sq.com/189lBO4
448,2013-11-18 20:10:20+00:00,@GoGetYouOne that tweet being your proof!? Cause everyone knows I'm an angel! Plus my mommy would save me from jail time! 
449,2013-11-16 19:48:27+00:00,Is it against the law to have too much fun? Because we shoulda gone to jail last night! @Downtown… http://instagram.com/p/gyawMmyAEm/
450,2013-11-13 05:01:42+00:00,Bruh RT @GhostwritaMusic: RT @itzDrDunny: When ya uncle just get outta jail and you take him to the mall. 
451,2013-11-13 01:48:15+00:00,@vcortesusmc @Jim_Raue @hitman0321 @2reconb_laxer @marinerecon0317 @RECONMARINE03 @SniperMarine @JSmaby I'm pissedoff that this kid in jail
452,2013-10-27 23:30:36+00:00,"@60Minutes Good for the CIA""Job well Done CIA."" BE CAREFUL 60 minutes will want you to be put in jail for killing our enemy."
453,2013-10-24 19:30:54+00:00,Some lady in my gov class just told everyone that her daughter is in jail..ughhhh ok
454,2013-10-23 22:08:40+00:00,"Woke up within three blocks of a jail, YMCA, REI, and Value village. Weird neighborhood. #spokane"
455,2013-10-20 02:58:11+00:00,EAGS win! Didn't even need overtime........ Griz see you next week jail birds!! #eaglenation
456,2013-10-18 15:39:02+00:00,"""No, no, no! Sabrina is in jail now. She was selling rock and prostituting. She'll be dead by the end of the month."""
457,2013-10-09 21:21:01+00:00,I'd be in jail if I talked about the things I want to do to @ArianaGrande
458,2013-10-06 06:50:02+00:00,@DylansAToolBag or you could not go to jail. That would be cool
459,2013-09-23 01:08:47+00:00,"I love that one second you hate your mom more then anyone, and the next you're saying you will go to jail to keep her outta danger? Huh."
460,2013-09-20 20:28:24+00:00,@ajfromhouston @seanhannity I agree Big Time AJ Her and Clinton should be both in jail. Both are soaked in our own Benghazi blood.
461,2013-09-16 22:16:29+00:00,Wow...... #khalood must have been a warden in another life because her glass house is more like a jail. @DrPhil
462,2013-09-10 06:03:46+00:00,And Alex fresh out of jail jokes tonight will be on point
463,2013-08-23 03:37:42+00:00,Age is just a number and jail is another bed
464,2013-08-17 04:23:51+00:00,"The guy Emm and I helped today, first thing he says ""I just got out of jail"" ... How do we respond to that.."
465,2013-08-11 19:26:54+00:00,Dude said Kevin Hart was only successful cause Katt Williams was in jail. #WildnOut
466,2013-07-16 21:30:45+00:00,"I'M GOING TO SOLVE WORLD HUNGER!! (As terroristic threats can land u in jail, I'm seeing if humanitarian ones can win u Nobel peace prizes)"
467,2013-07-05 07:59:04+00:00,"Tickets, jail, robberies, being maced"
468,2013-07-01 00:01:40+00:00,"@TrevorPBerg maybe I can use it as a ""Get out of jail free"" card, though I hope I never have to use it haha"
469,2013-06-30 00:41:26+00:00,There like talking about there jail experience to each other and talking about drugs #TheyScareMe!
470,2013-06-19 22:56:43+00:00,My boy is outta jail!! Its been 2 long ass years!
471,2013-06-01 23:38:00+00:00,"He said ""when you get out of jail?"" Hahaha"
472,2013-06-01 08:02:22+00:00,This dude just came in & said he did 6 years in jail but he would treat me like a queen. Get your bullshit outta here lmao.
473,2013-05-24 01:16:36+00:00,I fucking hate my dad can he please go back to jail I don't want him in my life.
474,2013-05-22 13:12:19+00:00,I haven't been in Twitter jail yet.
475,2013-05-20 04:29:31+00:00,“@JBskindacrazy: Remember when we thought we all are going to jail for doing this? ” omg i
476,2013-05-17 00:40:57+00:00,@1D_OFG right? My dad was like she's fucking 15 he was like its okay baby I've been to jail before. I was laughing so hard omg
477,2013-05-14 00:08:26+00:00,Jodi arias back in jail after suicide watch. #Arias #murder
478,2013-05-06 03:09:48+00:00,Madia goes to jail #bestone #sofunny
479,2013-04-26 02:38:14+00:00,@anjelika12cyr Do you really think I'd risk going to jail for the rest of my life when I'm not even 18 ? Nope I'm not dumb &amp; the foods gross
480,2013-04-26 02:19:46+00:00,@mackenziewarre1 @anjelika12cyr Can't do NO jail time .
481,2013-04-23 07:04:42+00:00,Haha. What you don't know is my phone is jail broken and those snap chats haha uhmm well....
482,2013-04-17 17:05:34+00:00,MOCK DUI CRASH.... #WSP taking teen driver to jail 
483,2013-04-10 21:10:38+00:00,@fvckxnay He told Kyanna he was going to jail lmfao.
484,2013-04-08 18:05:25+00:00,Putting myself in twitter jail for lunch #bye
485,2013-04-05 10:20:08+00:00,Spokane County Jail Surveillance Video Released From Night Of Christopher Parker's Death - http://bit.ly/10ibtL0 #Spokane #Washington
486,2013-04-05 00:35:23+00:00,@RuggedSavior wrong they can and will hold for 72hrs for an investigation hold. I have been in jail for driving w/a suspended license +
487,2013-03-27 05:17:49+00:00,""" @CrizzlesButtons: BURN YOUR LOCAL JAIL pinback button badge 1.25″ http://crizzlesbuttons.ecrater.com/p/17446384/burn-your-local-jail-pinback?utm_source=Twitter&amp;utm_medium=ProductToools&amp;utm_campaign=ShareCrater #handmadebot... http://like2.it/37xjKl "" #like2"
488,2013-03-16 08:43:31+00:00,My nigga iin jail im faded
489,2013-03-16 08:25:35+00:00,My nigga just went to jail
490,2013-03-11 07:21:57+00:00,Super Jail is incredibly disturbing..
491,2013-03-09 02:32:37+00:00,@Dmartinez92 what happened? Are you in jail?
492,2013-03-02 16:05:44+00:00,Better than jail I guess
493,2013-02-26 01:34:01+00:00,Deceased inmate should have been in hospital not jail - http://bit.ly/15LnCv6 #Spokane #Washington
494,2013-02-11 07:43:09+00:00,Feels like am in jail in this small dorm room. #schoolProblems
495,2013-02-07 08:49:15+00:00,Drinking a ReNEWale (2013) by @NinkasiBrewing @Spokane County Jail — http://untp.it/11rwJSl
496,2013-02-02 05:39:42+00:00,"Ridpath developer Jeffreys orderd held in jail - Fri, 01 Feb 2013 PST - http://bit.ly/11wkaiU #AirwayHeights #Washington"
497,2013-01-21 10:09:14+00:00,Oh hell no now wwwe are deff goin to jail
498,2013-01-21 04:22:22+00:00,"If one more person says something stupid to me at work tonight, I'm gonna need to be bailed out of jail"
499,2013-01-18 18:32:01+00:00,Tony Callihan is back in Spokane County Jail facing murder charges after the Dec 7th death of Michelle Koenen
500,2013-01-12 01:49:17+00:00,Spokane Valley Police: Vehicle Prowler Arrested; Booked Into Jail - http://bit.ly/13oQqHB #SpokaneValley #Washington
501,2013-01-03 01:57:04+00:00,Your in twitter jail so bummed
502,2012-12-22 06:06:59+00:00,@Bethikasworld baby jail
503,2012-12-18 15:51:54+00:00,Checking into jail....welcome!
504,2012-11-16 03:18:19+00:00,@Melissa_GUESS LMFAO!!! We're all going to jail lol
505,2012-11-16 02:41:24+00:00,@Melissa_GUESS Heard about the news :(. Good luck! Jail sucks!
506,2012-11-12 05:29:43+00:00,#ConfessionNight ive been to jail twice...
507,2012-11-06 06:47:13+00:00,"@rhetthumphrey check out @RickyShucks Halloween costume... ""You goin to jail now"" "
508,2012-11-04 19:57:22+00:00,@BMorr86 feels like I'm being released from jail again after 2 years
509,2012-10-26 03:50:51+00:00,Group protesting new jail proposal - http://bit.ly/PuCE3E #MedicalLake #Washington
510,2012-08-30 01:47:45+00:00,What are some good/must-have cracked apps for your jail broken apple product????
511,2012-08-26 10:20:42+00:00,@NaeNaeMinaj831 i would have but the cops would come and im not going to jail on a felony cuz im a hustla so im ridin dirty.
512,2012-08-14 00:43:23+00:00,"My ex boyfriend is in jail because he stole stuff from my parents, I pick winners, righttttt"
513,2012-07-30 22:39:30+00:00,Man accused of aiding deputy gunman attempted suicide in jail - http://bit.ly/MuXutw #Spokane #Washington
514,2012-07-12 04:45:23+00:00,"Suspected brothel owners released from jail - Wed, 11 Jul 2012 PST - http://bit.ly/Mmbt5v #Cheney #Washington"
515,2012-06-24 17:44:15+00:00,"Man accused of helping cop shooter to stay in jail -The Spokesman Review http://yatown.com/news/Spokane-Valley,Spokane,WA/Man-accused-of-helping-cop-shooter-to-stay-in-jail?pb=The+Spokesman+Review&amp;lo=Spokane-Valley%2CSpokane%2CWA&amp;sn=Ruth+is+accused+of+helping+hide+suspected+heroin+trafficker+Charles+Robert+Wallace%2C+41%2C+after+Wallace+left+court-ordered+rehab+in+Spokane+Valley.+He+lied+to+drug+detectives+..&amp;vi=y&amp;ti=Man+accused+of+helping+cop+shooter+to+stay+in+jail&amp;xu=http%3A%2F%2Fwww.spokesman.com%2Fstories%2F2012%2Fjun%2F22%2Fman-accused-helping-cop-shooter-stay-jail%2F&amp;im=http%3A%2F%2Fmedia.spokesman.com%2Fphotos%2F2012%2F06%2F21%2F21_shooting_northway_1.jpg&amp;src=tw #SpokaneValley #WA"
516,2012-06-19 22:53:21+00:00,Judge orders ex-Shock player Kevin Ellison to stay in jail without bail on arson charge. He says he's Jesus Christ. #Spokane
517,2012-06-07 19:28:22+00:00,Visiting with my aunt. (@Spokane County Jail) http://4sq.com/NkIykW
518,2012-06-05 20:57:53+00:00,what's up Spokane #pnw @Spokane County Jail http://instagr.am/p/LgaOrQpP2u/
519,2012-06-04 07:03:33+00:00,@punk_resist get any worse and see anyone in jail or anything. Next time you talk to them... take your cell. It's against the law for them..
520,2012-05-17 19:24:50+00:00,@austinseekins12 he in jail but no one knows why
521,2012-05-17 19:21:41+00:00,@SimpleLife45 is webbie in jail
522,2012-05-17 19:19:39+00:00,@iTweetBullPoop bro is webbie in jail
523,2012-05-17 19:15:09+00:00,Webbie is in jail ?
524,2012-05-07 15:54:45+00:00,@ESPN_FirstTake Stephen A. There's a difference between jail and prison.
525,2012-04-16 17:42:23+00:00,Murderer with 60 arrests back in jail http://yatown.com/post/403f76f4c556412d834b60fa9212239e?src=tw Most read by neighbors in #Hayford #Spokane
526,2012-04-16 17:39:27+00:00,"Murderer with 60 arrests back in jail -The Spokesman Review (blog) http://yatown.com/news/Hayford,Spokane,WA/Murderer-with-60-arrests-back-in-jail?pb=The+Spokesman+Review+%28blog%29&amp;lo=Hayford%2CSpokane%2CWA&amp;sn=Nicholas+Adam+Limpert%2C+now+26%2C+is+jailed+on+an+unusually+high+bond+of+%24250000+for+two+counts+of+residential+burglary+after+Spokane+police+arrested+last+week+him+and+two+other+suspe..&amp;vi=y&amp;ti=Murderer+with+60%2B+arrests+back+in+jail&amp;xu=http%3A%2F%2Fwww.spokesman.com%2Fblogs%2Fsirens%2F2012%2Fapr%2F16%2Fmurderer-60-arrests-back-jail%2F&amp;im=http%3A%2F%2Fmedia.spokesman.com%2Fphotos%2F2012%2F04%2F15%2Flimpert.jpg&amp;src=tw #Hayford #Spokane #WA"
527,2012-04-15 16:15:53+00:00,My homie went to jail for making unnecessary noises. #Comedy
528,2012-04-05 10:01:12+00:00,Immigration agents checking Spokane jail fingerprints http://bit.ly/HZlCp4
529,2012-03-22 14:36:00+00:00,Once again we are forced to examine ourselves as people and ask why isn't trayvons killer in jail
530,2012-03-05 03:01:36+00:00,"Teen arrested hours after leaving jail -The Spokesman Review (blog) http://yatown.com/news/Yardley,Spokane,WA/Teen-arrested-hours-after-leaving-jail?pb=The+Spokesman+Review+%28blog%29&amp;lo=Yardley%2CSpokane%2CWA&amp;sn=An+18-year-old+man+allowed+to+leave+the+Spokane+County+Jail+after+an+arrest+for+burglary+this+week+made+good+on+his+promise+to+return+to+court+-+but+not+in+the+right+way.....&amp;vi=y&amp;ti=Teen+arrested+hours+after+leaving+jail&amp;xu=http%3A%2F%2Fwww.spokesman.com%2Fblogs%2Fsirens%2F2012%2Fmar%2F03%2Fteen-arrested-hours-after-leaving-jail%2F&amp;src=tw #Yardley #Spokane #WA"
531,2012-03-05 02:36:59+00:00,Teen arrested hours after leaving jail http://yatown.com/post/0d07ec9ea6c841d189e7b25790ba9c61?src=tw Most read by neighbors in #Opportunity #Spokane
532,2012-03-05 02:34:41+00:00,"Teen arrested hours after leaving jail -The Spokesman Review (blog) http://yatown.com/news/Spokane-Valley,WA/Teen-arrested-hours-after-leaving-jail?pb=The+Spokesman+Review+%28blog%29&amp;lo=Spokane-Valley%2CWA&amp;sn=An+18-year-old+man+allowed+to+leave+the+Spokane+County+Jail+after+an+arrest+for+burglary+this+week+made+good+on+his+promise+to+return+to+court+-+but+not+in+the+right+way...&amp;vi=y&amp;ti=Teen+arrested+hours+after+leaving+jail&amp;xu=http%3A%2F%2Fwww.spokesman.com%2Fblogs%2Fsirens%2F2012%2Fmar%2F03%2Fteen-arrested-hours-after-leaving-jail%2F&amp;src=tw #SpokaneValley #WA"
533,2012-03-04 02:39:59+00:00,Teen arrested hours after leaving jail http://yatown.com/post/c3057c4c04ff4a56b88cf0bf0b12602b?src=tw Most read by neighbors in #Opportunity #Spokane
534,2012-03-04 02:38:07+00:00,"Teen arrested hours after leaving jail -The Spokesman Review (blog) http://yatown.com/news/Spokane-Valley,WA/Teen-arrested-hours-after-leaving-jail?pb=The+Spokesman+Review+%28blog%29&amp;lo=Spokane-Valley%2CWA&amp;sn=An+18-year-old+man+allowed+to+leave+the+Spokane+County+Jail+after+an+arrest+for+burglary+this+week+made+good+on+his+promise+to+return+to+court+-+but+not+in+the+right+way...&amp;vi=y&amp;ti=Teen+arrested+hours+after+leaving+jail&amp;xu=http%3A%2F%2Fwww.spokesman.com%2Fblogs%2Fsirens%2F2012%2Fmar%2F03%2Fteen-arrested-hours-after-leaving-jail%2F&amp;src=tw #SpokaneValley #WA"
535,2012-02-27 05:18:56+00:00,&considering that I have a show tomorrow and we just started this tour; I don't have time 2go jail. *@_kosher voice* IM TOO GROWN for this!
536,2012-02-22 17:45:11+00:00,"Escaped Geiger Inmate Found, Back In Jail - http://bit.ly/yiQmLB #AirwayHeights #Washington"
537,2011-12-30 08:19:27+00:00,I wanna be in twitter jail for tweeting to much
538,2011-12-29 22:06:06+00:00,@arronV_91 have you been to twitter jail for tweeting so much!
539,2011-12-20 16:16:07+00:00,Scanning the list of places nearby in Foursquare.. Does anyone check into the Jail? #sorrymom (@KXLY Broadcast Group) http://4sq.com/sleFlw
540,2011-12-17 08:30:47+00:00,Ex-tribal jail deputy acquitted of rape http://bit.ly/uC5zS2 via http://outside.in/99208
541,2011-12-17 08:30:47+00:00,Ex-tribal jail deputy acquitted of rape http://bit.ly/uh7Yyh via http://outside.in/99224
542,2011-12-17 08:30:47+00:00,Ex-tribal jail deputy acquitted of rape http://bit.ly/uKj6wN via http://outside.in/99217
543,2011-12-06 15:03:38+00:00,Spokane may jail prisoners in Benton County - http://bit.ly/w1fSKZ #Prosser #Washington
544,2011-11-28 04:48:25+00:00,Playing monopoly with my brother sister in law and niece. She got excited about going to jail and that she had to pay her mommie money!!!!
545,2011-11-11 05:58:08+00:00,Judge Rules 2007 Spokane Murder Suspect To Stay in Jail - http://bit.ly/rLktzM #Spokane #Washington
546,2011-11-08 02:03:12+00:00,“@katieutehs: Judge concludes that #karlthompson will be released until sentencing.” if it was a citizen we would all be in jail!
547,2011-11-07 14:37:07+00:00,"Michael Jackson's doctor is going to jail probably. Because if he hadn't done what he did, Mike could have touched SO many more children."
548,2011-11-06 17:26:35+00:00,"Philippians...a church born among devils, earthquakes and midnight jail house ministry and a letter penned from jail http://4sq.com/vDaect"
549,2011-10-04 17:09:37+00:00,@kstrat9 Lol yeah true that! Too bad 3 years in jail doesn't give Knox the privilege to actually kill someone #caseyimcoming!!
550,2011-09-11 17:09:22+00:00,Murder Suspect Found Dead In Spokane County Jail - http://bit.ly/r1UnRd #Spokane #Washington
551,2011-09-01 23:11:32+00:00,Lol RT @RossTuckerNFL: Bengals RB Cedric Benson won't play tonight. He's in jail. That's a new one.
552,2011-08-05 22:18:30+00:00,@BaseJumpFly wth. Is twitter jail?
553,2011-08-04 19:50:26+00:00,"Valley drug raids land several in jail August 4, 2011 8 - http://bit.ly/o0IUIT #SpokaneValley #Washington"
554,2011-07-18 06:47:56+00:00,"Casey Anthony freed from jail, slips from view - http://bit.ly/olxxCb #Spokane #Washington"
555,2011-06-17 13:28:07+00:00,Cheney City Council considers jail options - http://bit.ly/jCw0dO #Cheney #Washington
556,2011-06-08 10:42:04+00:00,"Former deputy accused of raping inmate at Spokane Indian Reservation jail - Wed, 08 Jun 201 http://bit.ly/l4veT7 via http://outside.in/99224"
557,2011-06-08 10:16:46+00:00,"Former deputy accused of raping inmate at Spokane Indian Reservation jail - Wed, 08 Jun 201 http://bit.ly/j7Az3n via http://outside.in/99217"
558,2011-06-08 10:16:46+00:00,"Former deputy accused of raping inmate at Spokane Indian Reservation jail - Wed, 08 Jun 201 http://bit.ly/iSCFqI via http://outside.in/99208"
559,2011-05-13 10:13:20+00:00,Prisoner Suspected Of Assisting Jail Suicide http://bit.ly/lgb0to via http://outside.in/99217
560,2011-05-13 10:13:19+00:00,Prisoner Suspected Of Assisting Jail Suicide http://bit.ly/lB3i42 via http://outside.in/99208
561,2011-03-30 20:48:47+00:00,MORNING HEADLINES: Your old jail will have to do http://bit.ly/eFCMq4 via http://outside.in/99224
562,2011-03-30 20:48:46+00:00,MORNING HEADLINES: Your old jail will have to do http://bit.ly/dVzWXg via http://outside.in/99217
563,2011-03-30 20:48:43+00:00,MORNING HEADLINES: Your old jail will have to do http://bit.ly/h3hJPV via http://outside.in/99208
564,2011-03-30 01:24:59+00:00,Spokane County won't put jail vote on the ballot this year. County commissioners looking into ways to save $. Vote delayed until 2012.
565,2011-03-25 14:15:09+00:00,Public testimony pushes back on county jail land use amendment - http://bit.ly/gbaAcQ #MedicalLake #Washington
566,2011-03-18 15:44:17+00:00,"County jail site opposed at hearing - Fri, 18 Mar 2011 PST http://bit.ly/ikl1eX via http://outside.in/99224"
567,2011-03-18 15:44:17+00:00,"County jail site opposed at hearing - Fri, 18 Mar 2011 PST http://bit.ly/dKLFeZ via http://outside.in/99217"
568,2011-03-18 15:44:15+00:00,"County jail site opposed at hearing - Fri, 18 Mar 2011 PST http://bit.ly/i7Dlcc via http://outside.in/99208"
569,2011-03-02 11:17:26+00:00,"Jail changes postcard-only rules - Wed, 02 Mar 2011 PST http://bit.ly/eNp9GE via http://outside.in/99224"
570,2011-03-02 11:17:25+00:00,"Jail changes postcard-only rules - Wed, 02 Mar 2011 PST http://bit.ly/hQRNSf via http://outside.in/99217"
571,2011-03-02 11:17:25+00:00,"Jail changes postcard-only rules - Wed, 02 Mar 2011 PST http://bit.ly/eiznPd via http://outside.in/99208"
572,2011-02-23 01:23:01+00:00,Jail at critical status. Overcrowding at the Spokane County Jail forcing Sheriff's Office to book and immediately release some inmates.
573,2011-02-22 23:42:58+00:00,Spokane County Jail overflowing with inmates - http://bit.ly/i7Zwz3 #Spokane #Washington
574,2011-02-18 05:52:57+00:00,Short chase ends with flipped SUV and car thief in jail - http://bit.ly/fAldLs #Spokane #Washington
575,2011-02-16 18:13:36+00:00,Whitman jail is temporary home for career criminal - http://bit.ly/g3YkEj #Colfax #Washington
576,2011-02-11 12:46:07+00:00,Jail project costs cut to $199 million http://bit.ly/hzCOtV via http://outside.in/99217
577,2011-02-11 12:46:07+00:00,Jail project costs cut to $199 million http://bit.ly/hOH9Pt via http://outside.in/99224
578,2011-02-11 12:46:05+00:00,Jail project costs cut to $199 million http://bit.ly/exahjE via http://outside.in/99208
579,2011-02-10 18:53:16+00:00,"Road rage incident lands one man in jail, the other in the hospital http://bit.ly/er52k8 via http://outside.in/99202"
580,2011-02-10 18:53:11+00:00,"Driver in crash near GU released from jail - Mon, 07 Feb 2011 PST http://bit.ly/etW04S via http://outside.in/99202"
581,2011-01-21 20:12:27+00:00,Man who killed cellmate returns to jail http://bit.ly/fnw6aH via http://outside.in/99224
582,2011-01-21 20:12:26+00:00,Man who killed cellmate returns to jail http://bit.ly/gxcnqK via http://outside.in/99217
583,2011-01-21 20:12:25+00:00,Man who killed cellmate returns to jail http://bit.ly/eSgvPh via http://outside.in/99208
584,2010-12-31 15:09:08+00:00,"Sled crash that hurts 2 kids lands Spokane dad in jail - Thu, 30 Dec 2010 PST http://bit.ly/eaJVEJ via http://outside.in/99217"
585,2010-12-31 15:09:07+00:00,"Sled crash that hurts 2 kids lands Spokane dad in jail - Thu, 30 Dec 2010 PST http://bit.ly/hSiuiW via http://outside.in/99224"
586,2010-12-31 15:09:07+00:00,"Sled crash that hurts 2 kids lands Spokane dad in jail - Thu, 30 Dec 2010 PST http://bit.ly/g3CEdW via http://outside.in/99208"
587,2010-12-20 04:09:33+00:00,@TheAmyBrenneman Your performance on Private Practice where your character yells at her attacker in the jail visiting room was spectacular.
588,2010-11-24 09:59:50+00:00,Jail escapee arrested in north Spokane http://bit.ly/dJIAAG via http://outside.in/99207
589,2010-11-22 09:58:28+00:00,Inmate Escapes From Work Release Detail At The Whitman County Jail http://bit.ly/blcCg2 via http://outside.in/99207
590,2010-11-04 06:56:25+00:00,Elevators at Spokane County Jail routinely break down http://bit.ly/axeMFl
591,2010-11-02 13:29:02+00:00,So lil Wayne is also dropping #thecarter4 or #C4 when he gets out of jail.
592,2010-10-29 08:54:09+00:00,Elevators at Spokane County Jail routinely break down http://bit.ly/buUOEo via http://outside.in/99224
593,2010-10-29 08:54:08+00:00,Elevators at Spokane County Jail routinely break down http://bit.ly/aKsGwQ via http://outside.in/99217
594,2010-10-22 19:27:20+00:00,Spokane County jail inmate claims he was tortured - http://bit.ly/cYYTod #SpokaneValley #Washington
595,2010-10-22 09:52:12+00:00,"Jail inmate claims he was tortured - Fri, 22 Oct 2010 PST http://bit.ly/bjfcev via http://outside.in/99224"
596,2010-10-22 09:52:12+00:00,"Jail inmate claims he was tortured - Fri, 22 Oct 2010 PST http://bit.ly/9UYpAk via http://outside.in/99208"
597,2010-10-21 08:57:04+00:00,Wife of murder-for-hire suspect Steele allowed jail visits http://bit.ly/aFmnYp via http://outside.in/99217
598,2010-10-20 08:58:34+00:00,Wife of murder-for-hire suspect Steele allowed jail visits http://bit.ly/9a31tE via http://outside.in/99224
599,2010-10-20 08:57:38+00:00,Wife of murder-for-hire suspect Steele allowed jail visits http://bit.ly/9RVj4y via http://outside.in/99208
600,2010-10-02 02:25:04+00:00,@QueenToMyKing This guy will use you til you have nothing and are in jail. http://yfrog.com/mg7p6hj
601,2010-09-22 08:55:11+00:00,Toxicology tests pending on inmate found dead in Spokane Co. Jail http://bit.ly/9uyect via http://outside.in/99224
602,2010-09-18 08:53:18+00:00,County Jail restricts inmate mail to postcards http://bit.ly/a6mO9m via http://outside.in/99224
603,2010-09-18 08:52:52+00:00,County Jail restricts inmate mail to postcards http://bit.ly/dzrR8u via http://outside.in/99217
604,2010-09-18 08:52:52+00:00,County Jail restricts inmate mail to postcards http://bit.ly/cTDwhP via http://outside.in/99208
